-- Copyright (C) 2017  Intel Corporation. All rights reserved.
-- Your use of Intel Corporation's design tools, logic functions 
-- and other software and tools, and its AMPP partner logic 
-- functions, and any output files from any of the foregoing 
-- (including device programming or simulation files), and any 
-- associated documentation or information are expressly subject 
-- to the terms and conditions of the Intel Program License 
-- Subscription Agreement, the Intel Quartus Prime License Agreement,
-- the Intel FPGA IP License Agreement, or other applicable license
-- agreement, including, without limitation, that your use is for
-- the sole purpose of programming logic devices manufactured by
-- Intel and sold by Intel or its authorized distributors.  Please
-- refer to the applicable agreement for further details.

-- Quartus Prime generated Memory Initialization File (.mif)

WIDTH=8;
DEPTH=16384;

ADDRESS_RADIX=HEX;
DATA_RADIX=HEX;

CONTENT BEGIN
	0000  :   F3;
	0001  :   31;
	0002  :   90;
	0003  :   D4;
	0004  :   C3;
	0005  :   CD;
	0006  :   18;
	0007  :   E9;
	0008  :   E1;
	0009  :   22;
	000A  :   E3;
	000B  :   D4;
	000C  :   C9;
	000D  :   31;
	000E  :   2E;
	000F  :   34;
	0010  :   C3;
	0011  :   A0;
	0012  :   D4;
	0013  :   25;
	0014  :   F8;
	0015  :   C3;
	0016  :   33;
	0017  :   1D;
	0018  :   E3;
	0019  :   F5;
	001A  :   7E;
	001B  :   23;
	001C  :   D7;
	001D  :   F1;
	001E  :   E3;
	001F  :   C9;
	0020  :   DF;
	0021  :   01;
	0022  :   7C;
	0023  :   D7;
	0024  :   DF;
	0025  :   02;
	0026  :   18;
	0027  :   2A;
	0028  :   E5;
	0029  :   D5;
	002A  :   ED;
	002B  :   5B;
	002C  :   38;
	002D  :   D6;
	002E  :   18;
	002F  :   25;
	0030  :   7C;
	0031  :   87;
	0032  :   67;
	0033  :   87;
	0034  :   D6;
	0035  :   F9;
	0036  :   18;
	0037  :   20;
	0038  :   E5;
	0039  :   D5;
	003A  :   C5;
	003B  :   F5;
	003C  :   CD;
	003D  :   B5;
	003E  :   D5;
	003F  :   CD;
	0040  :   A4;
	0041  :   18;
	0042  :   CD;
	0043  :   C9;
	0044  :   1A;
	0045  :   3A;
	0046  :   27;
	0047  :   D6;
	0048  :   CB;
	0049  :   8F;
	004A  :   D3;
	004B  :   03;
	004C  :   F1;
	004D  :   C1;
	004E  :   D1;
	004F  :   E1;
	0050  :   FB;
	0051  :   C9;
	0052  :   7D;
	0053  :   D7;
	0054  :   C9;
	0055  :   C3;
	0056  :   55;
	0057  :   18;
	0058  :   C3;
	0059  :   5E;
	005A  :   18;
	005B  :   C3;
	005C  :   A1;
	005D  :   18;
	005E  :   C3;
	005F  :   CD;
	0060  :   18;
	[0061..0065]  :   00;
	0066  :   C3;
	0067  :   66;
	0068  :   18;
	[0069..006F]  :   00;
	0070  :   C3;
	0071  :   9F;
	0072  :   01;
	0073  :   C3;
	0074  :   51;
	0075  :   01;
	0076  :   C3;
	0077  :   78;
	0078  :   01;
	0079  :   C3;
	007A  :   6A;
	007B  :   01;
	007C  :   C3;
	007D  :   86;
	007E  :   01;
	007F  :   A0;
	0080  :   00;
	0081  :   24;
	0082  :   3C;
	0083  :   42;
	0084  :   99;
	0085  :   A1;
	0086  :   99;
	0087  :   42;
	0088  :   3C;
	0089  :   00;
	008A  :   BF;
	008B  :   FF;
	008C  :   FA;
	008D  :   A8;
	008E  :   FE;
	008F  :   24;
	0090  :   5A;
	0091  :   00;
	0092  :   62;
	0093  :   3F;
	0094  :   20;
	0095  :   89;
	0096  :   27;
	0097  :   24;
	0098  :   62;
	0099  :   27;
	009A  :   20;
	009B  :   89;
	009C  :   3F;
	009D  :   00;
	009E  :   62;
	009F  :   FC;
	00A0  :   04;
	00A1  :   BD;
	00A2  :   E4;
	00A3  :   D0;
	00A4  :   BB;
	00A5  :   E4;
	00A6  :   E9;
	00A7  :   FC;
	00A8  :   F5;
	00A9  :   D8;
	00AA  :   55;
	00AB  :   58;
	00AC  :   01;
	00AD  :   14;
	00AE  :   02;
	00AF  :   0A;
	00B0  :   80;
	00B1  :   20;
	00B2  :   31;
	00B3  :   39;
	00B4  :   38;
	00B5  :   37;
	00B6  :   20;
	00B7  :   54;
	00B8  :   65;
	00B9  :   73;
	00BA  :   6C;
	00BB  :   61;
	00BC  :   20;
	00BD  :   45;
	00BE  :   4C;
	00BF  :   53;
	00C0  :   54;
	00C1  :   52;
	00C2  :   4F;
	00C3  :   4A;
	00C4  :   FF;
	00C5  :   01;
	00C6  :   04;
	00C7  :   02;
	00C8  :   0B;
	00C9  :   84;
	00CA  :   00;
	00CB  :   86;
	00CC  :   11;
	00CD  :   02;
	00CE  :   12;
	00CF  :   0B;
	00D0  :   05;
	00D1  :   01;
	00D2  :   05;
	[00D3..00D7]  :   82;
	00D8  :   11;
	00D9  :   03;
	00DA  :   12;
	00DB  :   1D;
	00DC  :   05;
	00DD  :   01;
	00DE  :   05;
	[00DF..00E3]  :   82;
	00E4  :   11;
	00E5  :   04;
	00E6  :   12;
	00E7  :   0B;
	00E8  :   0A;
	00E9  :   14;
	00EA  :   01;
	00EB  :   83;
	00EC  :   00;
	00ED  :   85;
	00EE  :   11;
	00EF  :   05;
	00F0  :   12;
	00F1  :   0C;
	00F2  :   05;
	00F3  :   11;
	00F4  :   06;
	00F5  :   42;
	00F6  :   61;
	00F7  :   73;
	00F8  :   69;
	00F9  :   63;
	00FA  :   20;
	00FB  :   45;
	00FC  :   58;
	00FD  :   50;
	00FE  :   20;
	00FF  :   76;
	0100  :   35;
	0101  :   2E;
	0102  :   30;
	0103  :   2F;
	0104  :   47;
	0105  :   20;
	0106  :   0B;
	0107  :   5A;
	0108  :   61;
	0109  :   76;
	010A  :   D7;
	010B  :   73;
	010C  :   74;
	010D  :   20;
	010E  :   7A;
	010F  :   20;
	0110  :   70;
	0111  :   C1;
	0112  :   73;
	0113  :   6B;
	0114  :   79;
	[0115..0117]  :   20;
	0118  :   0B;
	0119  :   5A;
	011A  :   61;
	011B  :   76;
	011C  :   D7;
	011D  :   73;
	011E  :   74;
	011F  :   20;
	0120  :   7A;
	0121  :   65;
	0122  :   20;
	0123  :   73;
	0124  :   C9;
	0125  :   74;
	0126  :   C5;
	[0127..0129]  :   20;
	012A  :   0B;
	012B  :   4C;
	012C  :   61;
	012D  :   64;
	012E  :   69;
	012F  :   74;
	0130  :   20;
	0131  :   6D;
	0132  :   61;
	0133  :   67;
	0134  :   6E;
	0135  :   65;
	0136  :   74;
	0137  :   6F;
	0138  :   66;
	0139  :   6F;
	013A  :   6E;
	013B  :   20;
	013C  :   0B;
	013D  :   53;
	013E  :   79;
	013F  :   73;
	0140  :   74;
	0141  :   D7;
	0142  :   6D;
	0143  :   20;
	[0144..0145]  :   53;
	0146  :   4D;
	0147  :   20;
	0148  :   4F;
	0149  :   4E;
	014A  :   44;
	014B  :   52;
	014C  :   41;
	014D  :   20;
	014E  :   0B;
	014F  :   1C;
	0150  :   FF;
	0151  :   E5;
	0152  :   21;
	0153  :   00;
	0154  :   10;
	0155  :   CD;
	0156  :   12;
	0157  :   D5;
	0158  :   FE;
	0159  :   C3;
	015A  :   CC;
	015B  :   62;
	015C  :   01;
	015D  :   E1;
	015E  :   F7;
	015F  :   EB;
	0160  :   F7;
	0161  :   C9;
	0162  :   E5;
	0163  :   21;
	0164  :   27;
	0165  :   D6;
	0166  :   CB;
	0167  :   86;
	0168  :   E1;
	0169  :   C9;
	016A  :   3E;
	016B  :   FE;
	016C  :   E5;
	016D  :   CD;
	016E  :   86;
	016F  :   01;
	0170  :   E1;
	0171  :   3A;
	0172  :   28;
	0173  :   D6;
	0174  :   E6;
	0175  :   EE;
	0176  :   3C;
	0177  :   C9;
	0178  :   3E;
	0179  :   BF;
	017A  :   E5;
	017B  :   CD;
	017C  :   86;
	017D  :   01;
	017E  :   E1;
	017F  :   3A;
	0180  :   28;
	0181  :   D6;
	0182  :   F6;
	0183  :   11;
	0184  :   3D;
	0185  :   C9;
	0186  :   C5;
	0187  :   E5;
	0188  :   47;
	0189  :   3A;
	018A  :   01;
	018B  :   D7;
	018C  :   FE;
	018D  :   00;
	018E  :   28;
	018F  :   0C;
	0190  :   78;
	0191  :   D3;
	0192  :   09;
	0193  :   06;
	0194  :   11;
	0195  :   76;
	0196  :   10;
	0197  :   FD;
	0198  :   3E;
	0199  :   FF;
	019A  :   D3;
	019B  :   09;
	019C  :   E1;
	019D  :   C1;
	019E  :   C9;
	019F  :   3E;
	01A0  :   04;
	01A1  :   D3;
	01A2  :   F7;
	01A3  :   3A;
	01A4  :   0F;
	01A5  :   E0;
	01A6  :   CB;
	01A7  :   6F;
	01A8  :   AF;
	01A9  :   D3;
	01AA  :   F7;
	01AB  :   28;
	01AC  :   17;
	01AD  :   06;
	01AE  :   04;
	01AF  :   3E;
	01B0  :   9F;
	01B1  :   D3;
	01B2  :   FD;
	01B3  :   F5;
	01B4  :   3A;
	01B5  :   28;
	01B6  :   D6;
	01B7  :   CB;
	01B8  :   DF;
	01B9  :   D3;
	01BA  :   FE;
	01BB  :   CB;
	01BC  :   9F;
	01BD  :   D3;
	01BE  :   FE;
	01BF  :   F1;
	01C0  :   C6;
	01C1  :   20;
	01C2  :   10;
	01C3  :   ED;
	01C4  :   AF;
	01C5  :   21;
	01C6  :   00;
	01C7  :   10;
	01C8  :   CD;
	01C9  :   18;
	01CA  :   D5;
	01CB  :   06;
	01CC  :   04;
	01CD  :   21;
	01CE  :   CD;
	01CF  :   CB;
	01D0  :   AF;
	01D1  :   77;
	01D2  :   23;
	01D3  :   10;
	01D4  :   FC;
	01D5  :   32;
	01D6  :   01;
	01D7  :   D7;
	01D8  :   21;
	01D9  :   A8;
	01DA  :   08;
	01DB  :   11;
	01DC  :   00;
	01DD  :   A0;
	01DE  :   01;
	01DF  :   44;
	01E0  :   00;
	01E1  :   ED;
	01E2  :   B0;
	01E3  :   21;
	01E4  :   7F;
	01E5  :   00;
	01E6  :   11;
	01E7  :   00;
	01E8  :   80;
	01E9  :   CD;
	01EA  :   00;
	01EB  :   A0;
	01EC  :   21;
	01ED  :   00;
	01EE  :   D6;
	01EF  :   01;
	01F0  :   00;
	01F1  :   80;
	01F2  :   71;
	01F3  :   23;
	01F4  :   70;
	01F5  :   2B;
	01F6  :   21;
	01F7  :   F5;
	01F8  :   00;
	01F9  :   22;
	01FA  :   00;
	01FB  :   40;
	01FC  :   AF;
	01FD  :   32;
	01FE  :   02;
	01FF  :   40;
	0200  :   21;
	0201  :   AC;
	0202  :   00;
	0203  :   CD;
	0204  :   88;
	0205  :   03;
	0206  :   3E;
	0207  :   7F;
	0208  :   FB;
	0209  :   CD;
	020A  :   86;
	020B  :   01;
	020C  :   F3;
	020D  :   21;
	020E  :   C5;
	020F  :   00;
	0210  :   CD;
	0211  :   88;
	0212  :   03;
	0213  :   3E;
	0214  :   FF;
	0215  :   D3;
	0216  :   09;
	0217  :   2A;
	0218  :   00;
	0219  :   40;
	021A  :   CD;
	021B  :   68;
	021C  :   03;
	021D  :   CD;
	021E  :   AC;
	021F  :   1A;
	0220  :   CD;
	0221  :   4E;
	0222  :   02;
	0223  :   18;
	0224  :   F2;
	0225  :   CD;
	0226  :   37;
	0227  :   02;
	0228  :   C3;
	0229  :   2B;
	022A  :   02;
	022B  :   21;
	022C  :   A0;
	022D  :   03;
	022E  :   11;
	022F  :   00;
	0230  :   70;
	0231  :   CD;
	0232  :   00;
	0233  :   A0;
	0234  :   C3;
	0235  :   00;
	0236  :   70;
	0237  :   21;
	0238  :   EC;
	0239  :   08;
	023A  :   11;
	023B  :   00;
	023C  :   40;
	023D  :   01;
	023E  :   14;
	023F  :   0F;
	0240  :   ED;
	0241  :   B0;
	0242  :   21;
	0243  :   00;
	0244  :   28;
	0245  :   11;
	0246  :   14;
	0247  :   4F;
	0248  :   01;
	0249  :   00;
	024A  :   18;
	024B  :   ED;
	024C  :   B0;
	024D  :   C9;
	024E  :   FE;
	024F  :   80;
	0250  :   28;
	0251  :   2B;
	0252  :   FE;
	0253  :   83;
	0254  :   CA;
	0255  :   5D;
	0256  :   02;
	0257  :   FE;
	0258  :   0D;
	0259  :   CA;
	025A  :   9F;
	025B  :   02;
	025C  :   C9;
	025D  :   3A;
	025E  :   02;
	025F  :   40;
	0260  :   FE;
	0261  :   04;
	0262  :   C8;
	0263  :   3C;
	0264  :   32;
	0265  :   02;
	0266  :   40;
	0267  :   2A;
	0268  :   00;
	0269  :   40;
	026A  :   E5;
	026B  :   CD;
	026C  :   75;
	026D  :   03;
	026E  :   E1;
	026F  :   3E;
	0270  :   1A;
	0271  :   D7;
	0272  :   11;
	0273  :   12;
	0274  :   00;
	0275  :   19;
	0276  :   22;
	0277  :   00;
	0278  :   40;
	0279  :   CD;
	027A  :   68;
	027B  :   03;
	027C  :   C9;
	027D  :   3A;
	027E  :   02;
	027F  :   40;
	0280  :   FE;
	0281  :   00;
	0282  :   C8;
	0283  :   3D;
	0284  :   32;
	0285  :   02;
	0286  :   40;
	0287  :   2A;
	0288  :   00;
	0289  :   40;
	028A  :   E5;
	028B  :   CD;
	028C  :   75;
	028D  :   03;
	028E  :   E1;
	028F  :   3E;
	0290  :   17;
	0291  :   D7;
	0292  :   11;
	0293  :   12;
	0294  :   00;
	0295  :   B7;
	0296  :   ED;
	0297  :   52;
	0298  :   22;
	0299  :   00;
	029A  :   40;
	029B  :   CD;
	029C  :   68;
	029D  :   03;
	029E  :   C9;
	029F  :   3E;
	02A0  :   1B;
	02A1  :   D7;
	02A2  :   3E;
	02A3  :   49;
	02A4  :   D7;
	02A5  :   3E;
	02A6  :   1A;
	02A7  :   D7;
	02A8  :   3E;
	02A9  :   1F;
	02AA  :   D7;
	02AB  :   3A;
	02AC  :   02;
	02AD  :   40;
	02AE  :   FE;
	02AF  :   00;
	02B0  :   CA;
	02B1  :   25;
	02B2  :   02;
	02B3  :   FE;
	02B4  :   01;
	02B5  :   CA;
	02B6  :   C8;
	02B7  :   02;
	02B8  :   FE;
	02B9  :   02;
	02BA  :   CA;
	02BB  :   D3;
	02BC  :   02;
	02BD  :   FE;
	02BE  :   03;
	02BF  :   CA;
	02C0  :   E0;
	02C1  :   02;
	02C2  :   FE;
	02C3  :   04;
	02C4  :   CA;
	02C5  :   69;
	02C6  :   18;
	02C7  :   C9;
	02C8  :   3E;
	02C9  :   01;
	02CA  :   32;
	02CB  :   01;
	02CC  :   D7;
	02CD  :   21;
	02CE  :   27;
	02CF  :   FF;
	02D0  :   C3;
	02D1  :   6A;
	02D2  :   19;
	02D3  :   E5;
	02D4  :   21;
	02D5  :   AE;
	02D6  :   D6;
	02D7  :   CB;
	02D8  :   D6;
	02D9  :   E1;
	02DA  :   CD;
	02DB  :   72;
	02DC  :   19;
	02DD  :   C3;
	[02DE..02DF]  :   00;
	02E0  :   3E;
	02E1  :   1B;
	02E2  :   D7;
	02E3  :   3E;
	02E4  :   49;
	02E5  :   D7;
	02E6  :   3E;
	02E7  :   1F;
	02E8  :   D7;
	02E9  :   3E;
	02EA  :   1B;
	02EB  :   D7;
	02EC  :   3E;
	02ED  :   4C;
	02EE  :   D7;
	02EF  :   3E;
	02F0  :   78;
	02F1  :   D7;
	02F2  :   CD;
	02F3  :   E2;
	02F4  :   22;
	02F5  :   76;
	02F6  :   F3;
	02F7  :   06;
	02F8  :   3C;
	02F9  :   50;
	02FA  :   C5;
	02FB  :   06;
	02FC  :   32;
	[02FD..02FE]  :   C5;
	02FF  :   3E;
	0300  :   05;
	0301  :   D3;
	0302  :   F7;
	0303  :   3A;
	0304  :   0F;
	0305  :   E0;
	0306  :   FE;
	0307  :   01;
	0308  :   28;
	0309  :   F9;
	030A  :   4F;
	030B  :   06;
	030C  :   00;
	030D  :   3A;
	030E  :   0F;
	030F  :   E0;
	0310  :   A9;
	0311  :   EA;
	0312  :   17;
	0313  :   03;
	0314  :   4F;
	0315  :   18;
	0316  :   F6;
	0317  :   4F;
	0318  :   04;
	0319  :   18;
	031A  :   00;
	031B  :   3A;
	031C  :   0F;
	031D  :   E0;
	031E  :   A9;
	031F  :   EA;
	0320  :   26;
	0321  :   03;
	0322  :   4F;
	0323  :   04;
	0324  :   18;
	0325  :   F5;
	0326  :   3E;
	0327  :   01;
	0328  :   D3;
	0329  :   F7;
	032A  :   7A;
	032B  :   2F;
	032C  :   4F;
	032D  :   3E;
	032E  :   FF;
	032F  :   91;
	0330  :   D6;
	0331  :   80;
	0332  :   6F;
	0333  :   78;
	0334  :   FE;
	0335  :   03;
	0336  :   DA;
	0337  :   49;
	0338  :   03;
	0339  :   FE;
	033A  :   1E;
	033B  :   D2;
	033C  :   49;
	033D  :   03;
	033E  :   3E;
	033F  :   FA;
	0340  :   90;
	0341  :   67;
	0342  :   7E;
	0343  :   ED;
	0344  :   5F;
	0345  :   B6;
	0346  :   77;
	0347  :   18;
	0348  :   0E;
	0349  :   26;
	034A  :   FA;
	034B  :   3E;
	034C  :   08;
	034D  :   77;
	034E  :   3E;
	034F  :   1C;
	0350  :   2C;
	0351  :   77;
	0352  :   2C;
	0353  :   AF;
	0354  :   77;
	[0355..0356]  :   2D;
	0357  :   C1;
	0358  :   10;
	0359  :   A4;
	035A  :   C1;
	035B  :   10;
	035C  :   A0;
	035D  :   C1;
	035E  :   50;
	035F  :   10;
	0360  :   98;
	0361  :   3E;
	0362  :   1F;
	0363  :   D7;
	0364  :   C3;
	0365  :   F7;
	0366  :   02;
	0367  :   C9;
	0368  :   3E;
	0369  :   1D;
	036A  :   D7;
	036B  :   3E;
	036C  :   03;
	036D  :   D7;
	036E  :   CD;
	036F  :   75;
	0370  :   03;
	0371  :   3E;
	0372  :   04;
	0373  :   D7;
	0374  :   C9;
	0375  :   3E;
	0376  :   1D;
	0377  :   D7;
	0378  :   2A;
	0379  :   00;
	037A  :   40;
	037B  :   7E;
	037C  :   FE;
	037D  :   0B;
	037E  :   C8;
	037F  :   D7;
	0380  :   23;
	0381  :   18;
	0382  :   F8;
	0383  :   C9;
	0384  :   D7;
	0385  :   10;
	0386  :   FD;
	0387  :   C9;
	0388  :   7E;
	0389  :   FE;
	038A  :   00;
	038B  :   28;
	038C  :   08;
	038D  :   FE;
	038E  :   FF;
	038F  :   28;
	0390  :   0E;
	0391  :   D7;
	0392  :   23;
	0393  :   18;
	0394  :   F3;
	0395  :   06;
	0396  :   11;
	0397  :   3E;
	0398  :   81;
	0399  :   CD;
	039A  :   84;
	039B  :   03;
	039C  :   23;
	039D  :   18;
	039E  :   E9;
	039F  :   C9;
	03A0  :   03;
	03A1  :   C3;
	03A2  :   48;
	03A3  :   70;
	03A4  :   C3;
	03A5  :   86;
	03A6  :   01;
	03A7  :   C3;
	03A8  :   AD;
	03A9  :   A2;
	03AA  :   FB;
	03AB  :   C1;
	03AC  :   2A;
	03AD  :   55;
	03AE  :   02;
	03AF  :   67;
	03B0  :   28;
	03B1  :   C3;
	03B2  :   8A;
	03B3  :   A5;
	03B4  :   03;
	03B5  :   88;
	03B6  :   F1;
	03B7  :   A3;
	03B8  :   29;
	03B9  :   04;
	03BA  :   AB;
	03BB  :   05;
	03BC  :   E8;
	03BD  :   C5;
	03BE  :   DD;
	03BF  :   B5;
	03C0  :   BB;
	03C1  :   D4;
	03C2  :   EF;
	03C3  :   D0;
	03C4  :   BA;
	03C5  :   E3;
	03C6  :   2C;
	03C7  :   FB;
	03C8  :   CF;
	03C9  :   28;
	03CA  :   E0;
	03CB  :   B9;
	03CC  :   6E;
	03CD  :   DD;
	03CE  :   E2;
	03CF  :   9C;
	03D0  :   01;
	03D1  :   00;
	03D2  :   FE;
	03D3  :   38;
	03D4  :   C3;
	03D5  :   53;
	03D6  :   CB;
	03D7  :   12;
	03D8  :   9F;
	03D9  :   06;
	03DA  :   3E;
	03DB  :   02;
	03DC  :   D3;
	03DD  :   F7;
	03DE  :   21;
	03DF  :   00;
	03E0  :   70;
	03E1  :   11;
	03E2  :   70;
	03E3  :   00;
	03E4  :   01;
	03E5  :   67;
	03E6  :   06;
	03E7  :   ED;
	03E8  :   B0;
	03E9  :   11;
	03EA  :   B8;
	03EB  :   10;
	03EC  :   E5;
	03ED  :   3A;
	03EE  :   40;
	03EF  :   CD;
	03F0  :   00;
	03F1  :   A0;
	03F2  :   D9;
	03F3  :   40;
	03F4  :   8B;
	03F5  :   01;
	03F6  :   40;
	03F7  :   AE;
	03F8  :   E9;
	03F9  :   36;
	03FA  :   D5;
	03FB  :   1E;
	03FC  :   CD;
	03FD  :   0A;
	03FE  :   D5;
	03FF  :   FB;
	0400  :   21;
	0401  :   CD;
	0402  :   7E;
	0403  :   22;
	0404  :   04;
	0405  :   D6;
	0406  :   F4;
	0407  :   A0;
	0408  :   02;
	0409  :   7A;
	040A  :   C3;
	040B  :   69;
	040C  :   18;
	040D  :   1D;
	[040E..040F]  :   3C;
	0410  :   1D;
	[0411..0412]  :   3E;
	0413  :   FB;
	0414  :   20;
	0415  :   80;
	0416  :   A5;
	0417  :   5B;
	0418  :   5D;
	0419  :   4B;
	041A  :   EF;
	041B  :   44;
	041C  :   42;
	041D  :   41;
	041E  :   53;
	041F  :   11;
	0420  :   AE;
	0421  :   49;
	[0422..0423]  :   4E;
	0424  :   C1;
	0425  :   7A;
	0426  :   65;
	0427  :   76;
	0428  :   3F;
	0429  :   0D;
	042A  :   43;
	042B  :   68;
	042C  :   79;
	042D  :   62;
	042E  :   61;
	[042F..0430]  :   0D;
	0431  :   50;
	0432  :   D2;
	0433  :   69;
	0434  :   70;
	0435  :   72;
	0436  :   61;
	0437  :   76;
	0438  :   20;
	0439  :   6D;
	043A  :   61;
	043B  :   67;
	043C  :   6E;
	043D  :   65;
	043E  :   74;
	043F  :   6F;
	0440  :   66;
	0441  :   6F;
	0442  :   6E;
	0443  :   2F;
	0444  :   73;
	0445  :   C9;
	0446  :   D4;
	0447  :   20;
	0448  :   70;
	0449  :   72;
	044A  :   6F;
	044B  :   20;
	044C  :   7A;
	044D  :   C1;
	044E  :   70;
	044F  :   69;
	0450  :   73;
	0451  :   2E;
	0452  :   0D;
	0453  :   C3;
	0454  :   74;
	0455  :   65;
	0456  :   6E;
	0457  :   C9;
	0458  :   2E;
	0459  :   0D;
	045A  :   A0;
	045B  :   20;
	045C  :   9F;
	045D  :   D4;
	045E  :   D8;
	045F  :   EA;
	0460  :   20;
	0461  :   81;
	0462  :   A1;
	0463  :   85;
	0464  :   96;
	0465  :   88;
	0466  :   94;
	0467  :   E5;
	0468  :   A2;
	0469  :   93;
	046A  :   84;
	046B  :   FD;
	046C  :   E7;
	046D  :   9C;
	046E  :   A3;
	046F  :   20;
	0470  :   82;
	0471  :   20;
	0472  :   EC;
	0473  :   A7;
	0474  :   B5;
	0475  :   20;
	0476  :   AC;
	0477  :   D2;
	0478  :   B7;
	0479  :   E8;
	047A  :   20;
	047B  :   9A;
	047C  :   D6;
	047D  :   DE;
	047E  :   95;
	047F  :   9D;
	0480  :   99;
	0481  :   D5;
	0482  :   E0;
	0483  :   E2;
	0484  :   8E;
	0485  :   FC;
	0486  :   E6;
	0487  :   9B;
	0488  :   E9;
	0489  :   20;
	048A  :   90;
	048B  :   20;
	048C  :   ED;
	048D  :   BD;
	048E  :   0D;
	048F  :   4B;
	0490  :   4F;
	0491  :   49;
	0492  :   38;
	0493  :   2D;
	0494  :   E3;
	0495  :   53;
	0496  :   32;
	0497  :   2F;
	0498  :   0E;
	0499  :   43;
	049A  :   50;
	049B  :   38;
	049C  :   35;
	049D  :   F3;
	049E  :   01;
	049F  :   E6;
	04A0  :   E7;
	04A1  :   7C;
	04A2  :   00;
	04A3  :   C9;
	04A4  :   2A;
	04A5  :   BA;
	04A6  :   D4;
	04A7  :   7D;
	04A8  :   44;
	04A9  :   C9;
	04AA  :   E5;
	04AB  :   21;
	04AC  :   27;
	04AD  :   D6;
	04AE  :   CB;
	04AF  :   86;
	04B0  :   E1;
	04B1  :   F0;
	04B2  :   88;
	04B3  :   C6;
	04B4  :   1E;
	04B5  :   CD;
	04B6  :   8C;
	04B7  :   01;
	04B8  :   3E;
	04B9  :   1C;
	04BA  :   CF;
	04BB  :   00;
	04BC  :   3E;
	04BD  :   1F;
	04BE  :   F9;
	04BF  :   4E;
	04C0  :   CD;
	04C1  :   94;
	04C2  :   01;
	04C3  :   0E;
	04C4  :   1F;
	04C5  :   C9;
	04C6  :   F4;
	04C7  :   87;
	04C8  :   79;
	04C9  :   FE;
	04CA  :   0A;
	04CB  :   28;
	04CC  :   02;
	04CD  :   93;
	04CE  :   E1;
	04CF  :   3A;
	04D0  :   09;
	04D1  :   40;
	04D2  :   FE;
	04D3  :   9A;
	04D4  :   C0;
	04D5  :   A7;
	04D6  :   BE;
	04D7  :   C9;
	04D8  :   3A;
	04D9  :   F6;
	04DA  :   95;
	04DB  :   ED;
	04DC  :   E7;
	04DD  :   01;
	04DE  :   CA;
	04DF  :   34;
	04E0  :   02;
	04E1  :   CD;
	04E2  :   43;
	04E3  :   05;
	04E4  :   3A;
	04E5  :   36;
	04E6  :   D6;
	04E7  :   32;
	04E8  :   CD;
	04E9  :   CB;
	04EA  :   3A;
	04EB  :   E4;
	04EC  :   DF;
	04ED  :   00;
	04EE  :   28;
	04EF  :   04;
	04F0  :   78;
	04F1  :   3D;
	04F2  :   B5;
	04F3  :   E0;
	04F4  :   C5;
	04F5  :   D5;
	04F6  :   6B;
	04F7  :   A0;
	04F8  :   D2;
	04F9  :   CB;
	04FA  :   CF;
	04FB  :   06;
	04FC  :   EB;
	04FD  :   D1;
	04FE  :   C1;
	04FF  :   3E;
	0500  :   17;
	0501  :   E2;
	0502  :   21;
	0503  :   83;
	0504  :   C5;
	0505  :   7E;
	0506  :   06;
	0507  :   00;
	0508  :   4F;
	0509  :   AC;
	050A  :   D8;
	050B  :   09;
	050C  :   EE;
	050D  :   05;
	050E  :   7D;
	050F  :   7E;
	0510  :   B0;
	0511  :   80;
	0512  :   3A;
	0513  :   23;
	0514  :   CB;
	0515  :   7F;
	0516  :   28;
	0517  :   14;
	0518  :   E5;
	0519  :   5F;
	051A  :   3E;
	051B  :   7F;
	051C  :   60;
	051D  :   69;
	051E  :   77;
	051F  :   03;
	0520  :   7B;
	0521  :   CB;
	0522  :   6F;
	0523  :   8F;
	0524  :   D6;
	0525  :   93;
	0526  :   18;
	0527  :   02;
	0528  :   C6;
	0529  :   20;
	052A  :   E1;
	052B  :   E5;
	052C  :   84;
	052D  :   DF;
	052E  :   FA;
	052F  :   E6;
	0530  :   7F;
	0531  :   77;
	0532  :   E1;
	0533  :   23;
	0534  :   03;
	0535  :   18;
	0536  :   D8;
	0537  :   E5;
	0538  :   AF;
	0539  :   E9;
	053A  :   EC;
	053B  :   77;
	053C  :   CD;
	053D  :   4B;
	053E  :   05;
	053F  :   DC;
	0540  :   8E;
	0541  :   0D;
	0542  :   C9;
	0543  :   52;
	0544  :   8E;
	0545  :   CF;
	0546  :   03;
	0547  :   58;
	0548  :   80;
	0549  :   EA;
	054A  :   FE;
	054B  :   80;
	054C  :   20;
	054D  :   02;
	054E  :   3E;
	054F  :   1A;
	0550  :   FE;
	0551  :   81;
	0552  :   F4;
	0553  :   08;
	0554  :   A6;
	0555  :   82;
	0556  :   A9;
	0557  :   18;
	0558  :   83;
	0559  :   B9;
	055A  :   0A;
	055B  :   BF;
	055C  :   7E;
	055D  :   E5;
	055E  :   50;
	055F  :   59;
	0560  :   4A;
	0561  :   43;
	0562  :   79;
	0563  :   87;
	0564  :   FE;
	0565  :   1D;
	0566  :   4F;
	0567  :   CF;
	0568  :   07;
	0569  :   E1;
	056A  :   C1;
	056B  :   AA;
	056C  :   5A;
	056D  :   09;
	056E  :   D9;
	056F  :   7E;
	0570  :   5D;
	0571  :   7A;
	0572  :   AF;
	0573  :   32;
	0574  :   CE;
	0575  :   CB;
	0576  :   CD;
	0577  :   84;
	0578  :   03;
	0579  :   72;
	057A  :   E3;
	057B  :   CF;
	057C  :   B5;
	057D  :   7E;
	057E  :   23;
	057F  :   60;
	0580  :   DB;
	0581  :   FA;
	0582  :   10;
	0583  :   FA;
	0584  :   3E;
	0585  :   1E;
	0586  :   F5;
	0587  :   D0;
	0588  :   BA;
	0589  :   CF;
	058A  :   CA;
	058B  :   1E;
	058C  :   28;
	058D  :   01;
	058E  :   23;
	058F  :   36;
	0590  :   20;
	0591  :   FB;
	0592  :   B8;
	0593  :   22;
	0594  :   A3;
	0595  :   0D;
	0596  :   05;
	0597  :   01;
	0598  :   06;
	0599  :   07;
	059A  :   CD;
	059B  :   7B;
	059C  :   02;
	059D  :   E1;
	059E  :   B6;
	059F  :   87;
	05A0  :   23;
	05A1  :   B2;
	05A2  :   B8;
	05A3  :   20;
	05A4  :   B3;
	05A5  :   EE;
	05A6  :   22;
	05A7  :   77;
	05A8  :   7B;
	05A9  :   40;
	05AA  :   E8;
	05AB  :   A3;
	05AC  :   22;
	05AD  :   9E;
	05AE  :   65;
	05AF  :   F5;
	05B0  :   CD;
	05B1  :   86;
	05B2  :   31;
	05B3  :   38;
	05B4  :   01;
	05B5  :   21;
	05B6  :   9D;
	05B7  :   CA;
	05B8  :   77;
	05B9  :   F1;
	05BA  :   A2;
	05BB  :   78;
	05BC  :   D5;
	05BD  :   C5;
	05BE  :   F5;
	05BF  :   7F;
	05C0  :   D2;
	05C1  :   01;
	05C2  :   D7;
	05C3  :   C0;
	05C4  :   8B;
	05C5  :   11;
	05C6  :   FC;
	05C7  :   DE;
	05C8  :   8B;
	05C9  :   4E;
	05CA  :   A1;
	05CB  :   9E;
	05CC  :   3E;
	05CD  :   56;
	05CE  :   FE;
	05CF  :   B2;
	05D0  :   CA;
	05D1  :   70;
	05D2  :   03;
	05D3  :   FE;
	05D4  :   9D;
	05D5  :   28;
	05D6  :   00;
	05D7  :   AF;
	05D8  :   44;
	05D9  :   86;
	05DA  :   CB;
	05DB  :   C0;
	05DC  :   11;
	05DD  :   FF;
	05DE  :   00;
	05DF  :   E0;
	05E0  :   CF;
	05E1  :   2B;
	05E2  :   42;
	05E3  :   20;
	05E4  :   05;
	05E5  :   11;
	05E6  :   02;
	05E7  :   01;
	05E8  :   CB;
	05E9  :   80;
	05EA  :   47;
	05EB  :   DA;
	05EC  :   EE;
	05ED  :   43;
	05EE  :   7F;
	05EF  :   93;
	05F0  :   EF;
	05F1  :   A7;
	05F2  :   64;
	05F3  :   AF;
	05F4  :   77;
	05F5  :   C5;
	05F6  :   A2;
	05F7  :   0D;
	05F8  :   12;
	05F9  :   98;
	05FA  :   1C;
	05FB  :   D9;
	05FC  :   21;
	05FD  :   35;
	05FE  :   FC;
	05FF  :   DE;
	0600  :   14;
	0601  :   28;
	0602  :   F4;
	0603  :   04;
	0604  :   36;
	0605  :   BF;
	0606  :   CD;
	0607  :   82;
	0608  :   01;
	0609  :   71;
	060A  :   0E;
	060B  :   18;
	060C  :   40;
	060D  :   3E;
	060E  :   03;
	060F  :   66;
	0610  :   F6;
	0611  :   6A;
	0612  :   9F;
	0613  :   03;
	0614  :   6F;
	0615  :   8E;
	0616  :   F2;
	0617  :   84;
	0618  :   F9;
	0619  :   31;
	061A  :   82;
	061B  :   69;
	061C  :   2E;
	061D  :   0C;
	061E  :   EE;
	061F  :   90;
	0620  :   9F;
	0621  :   7C;
	0622  :   2D;
	0623  :   E1;
	0624  :   D9;
	0625  :   49;
	0626  :   5E;
	0627  :   BD;
	0628  :   2B;
	0629  :   27;
	062A  :   83;
	062B  :   47;
	062C  :   08;
	062D  :   F1;
	062E  :   C1;
	062F  :   D1;
	0630  :   6F;
	0631  :   7F;
	0632  :   3A;
	0633  :   5D;
	0634  :   B6;
	0635  :   DD;
	0636  :   C0;
	0637  :   8F;
	0638  :   B7;
	0639  :   0B;
	063A  :   53;
	[063B..063C]  :   8F;
	063D  :   0A;
	063E  :   40;
	063F  :   4A;
	0640  :   9A;
	0641  :   07;
	0642  :   AF;
	0643  :   FE;
	0644  :   1C;
	0645  :   7E;
	0646  :   C3;
	0647  :   D2;
	0648  :   18;
	0649  :   CD;
	064A  :   3B;
	064B  :   C5;
	064C  :   BE;
	064D  :   E3;
	064E  :   47;
	064F  :   E5;
	0650  :   20;
	0651  :   2C;
	0652  :   25;
	0653  :   29;
	0654  :   ED;
	0655  :   CF;
	0656  :   09;
	0657  :   21;
	0658  :   97;
	0659  :   D6;
	065A  :   06;
	065B  :   10;
	065C  :   50;
	065D  :   39;
	065E  :   FE;
	065F  :   F5;
	0660  :   B4;
	0661  :   20;
	0662  :   13;
	0663  :   22;
	0664  :   E8;
	0665  :   28;
	0666  :   D2;
	0667  :   21;
	0668  :   AE;
	0669  :   87;
	066A  :   4A;
	066B  :   56;
	066C  :   C0;
	066D  :   CF;
	066E  :   0B;
	066F  :   CF;
	0670  :   0D;
	0671  :   EC;
	0672  :   7F;
	0673  :   1A;
	0674  :   CD;
	0675  :   4A;
	0676  :   2C;
	0677  :   8A;
	0678  :   BC;
	0679  :   CE;
	067A  :   19;
	067B  :   CF;
	067C  :   A4;
	067D  :   DF;
	067E  :   B6;
	067F  :   4E;
	0680  :   D4;
	0681  :   81;
	0682  :   F6;
	0683  :   E7;
	0684  :   72;
	0685  :   19;
	0686  :   21;
	0687  :   37;
	0688  :   D6;
	0689  :   7E;
	068A  :   3D;
	068B  :   77;
	068C  :   50;
	068D  :   0E;
	068E  :   2A;
	068F  :   AB;
	0690  :   D6;
	0691  :   2B;
	0692  :   FF;
	0693  :   58;
	0694  :   22;
	0695  :   AB;
	0696  :   D6;
	0697  :   21;
	0698  :   C3;
	0699  :   D6;
	069A  :   34;
	069B  :   E3;
	069C  :   7A;
	069D  :   5A;
	069E  :   2A;
	069F  :   7C;
	06A0  :   F1;
	06A1  :   C9;
	06A2  :   C3;
	06A3  :   A7;
	06A4  :   B4;
	06A5  :   13;
	06A6  :   79;
	06A7  :   E2;
	06A8  :   9C;
	06A9  :   FE;
	06AA  :   01;
	06AB  :   95;
	06AC  :   2D;
	06AD  :   3E;
	06AE  :   FE;
	06AF  :   03;
	06B0  :   28;
	06B1  :   3A;
	06B2  :   FE;
	06B3  :   05;
	06B4  :   28;
	06B5  :   3C;
	06B6  :   FE;
	06B7  :   06;
	06B8  :   28;
	06B9  :   3F;
	06BA  :   FE;
	06BB  :   07;
	06BC  :   28;
	06BD  :   42;
	06BE  :   FE;
	06BF  :   08;
	06C0  :   28;
	06C1  :   44;
	06C2  :   FE;
	06C3  :   09;
	06C4  :   28;
	06C5  :   46;
	06C6  :   FE;
	06C7  :   0A;
	06C8  :   28;
	06C9  :   51;
	06CA  :   F1;
	06CB  :   60;
	06CC  :   D5;
	06CD  :   C6;
	06CE  :   CB;
	06CF  :   4F;
	06D0  :   28;
	06D1  :   05;
	06D2  :   DC;
	06D3  :   8D;
	06D4  :   18;
	06D5  :   03;
	06D6  :   B4;
	06D7  :   00;
	06D8  :   D3;
	06D9  :   3D;
	06DA  :   D7;
	06DB  :   9B;
	06DC  :   E5;
	06DD  :   E7;
	06DE  :   39;
	06DF  :   1E;
	06E0  :   A2;
	06E1  :   F7;
	06E2  :   3A;
	06E3  :   76;
	06E4  :   00;
	06E5  :   18;
	06E6  :   58;
	06E7  :   DA;
	06E8  :   EB;
	06E9  :   B7;
	06EA  :   52;
	06EB  :   A7;
	06EC  :   0C;
	06ED  :   77;
	06EE  :   18;
	06EF  :   4B;
	06F0  :   A6;
	06F1  :   F3;
	06F2  :   36;
	06F3  :   A2;
	06F4  :   44;
	06F5  :   32;
	06F6  :   2B;
	06F7  :   8E;
	06F8  :   18;
	06F9  :   24;
	06FA  :   F5;
	06FB  :   8A;
	06FC  :   2A;
	06FD  :   1E;
	06FE  :   87;
	06FF  :   47;
	0700  :   3E;
	0701  :   15;
	0702  :   98;
	0703  :   21;
	0704  :   83;
	0705  :   E1;
	0706  :   46;
	0707  :   98;
	0708  :   32;
	0709  :   2D;
	070A  :   A6;
	070B  :   E3;
	070C  :   0F;
	070D  :   8A;
	070E  :   28;
	070F  :   2A;
	0710  :   0A;
	0711  :   2C;
	0712  :   30;
	0713  :   A2;
	0714  :   E1;
	0715  :   12;
	0716  :   FA;
	0717  :   3A;
	0718  :   E5;
	0719  :   F6;
	071A  :   82;
	071B  :   2B;
	071C  :   82;
	071D  :   2C;
	071E  :   9F;
	071F  :   2D;
	0720  :   CD;
	0721  :   30;
	0722  :   AD;
	0723  :   8C;
	0724  :   BB;
	0725  :   D4;
	0726  :   04;
	0727  :   38;
	0728  :   B2;
	0729  :   0D;
	072A  :   3E;
	072B  :   63;
	072C  :   32;
	072D  :   C6;
	072E  :   40;
	072F  :   32;
	0730  :   C7;
	0731  :   40;
	0732  :   8D;
	0733  :   22;
	0734  :   2D;
	0735  :   1C;
	0736  :   76;
	0737  :   C9;
	0738  :   1A;
	0739  :   B3;
	073A  :   79;
	073B  :   83;
	073C  :   22;
	073D  :   20;
	073E  :   3D;
	073F  :   CF;
	0740  :   0C;
	0741  :   E3;
	0742  :   2C;
	0743  :   A0;
	0744  :   66;
	0745  :   79;
	0746  :   FE;
	0747  :   0D;
	0748  :   C8;
	0749  :   9C;
	074A  :   81;
	074B  :   28;
	074C  :   0E;
	074D  :   70;
	074E  :   89;
	074F  :   C6;
	0750  :   FB;
	0751  :   8D;
	0752  :   10;
	0753  :   E2;
	0754  :   28;
	0755  :   1A;
	0756  :   FE;
	0757  :   80;
	0758  :   28;
	0759  :   20;
	075A  :   18;
	075B  :   E4;
	075C  :   21;
	075D  :   F0;
	075E  :   00;
	075F  :   CD;
	0760  :   3D;
	0761  :   05;
	0762  :   3E;
	0763  :   FD;
	0764  :   18;
	0765  :   1C;
	0766  :   21;
	0767  :   F3;
	0768  :   EC;
	0769  :   AA;
	076A  :   F7;
	076B  :   12;
	076C  :   86;
	076D  :   F9;
	076E  :   AA;
	076F  :   7F;
	0770  :   08;
	0771  :   87;
	0772  :   F6;
	0773  :   4E;
	0774  :   E2;
	0775  :   0C;
	0776  :   18;
	0777  :   B9;
	0778  :   06;
	0779  :   03;
	077A  :   B5;
	077B  :   9C;
	077C  :   6A;
	077D  :   A2;
	077E  :   2E;
	077F  :   2B;
	0780  :   CE;
	0781  :   9A;
	0782  :   F0;
	0783  :   8E;
	0784  :   2A;
	0785  :   79;
	0786  :   D7;
	0787  :   D0;
	0788  :   A3;
	0789  :   64;
	078A  :   19;
	078B  :   6C;
	078C  :   03;
	078D  :   CB;
	078E  :   C6;
	078F  :   C9;
	0790  :   CB;
	0791  :   46;
	0792  :   28;
	0793  :   21;
	0794  :   CB;
	0795  :   86;
	0796  :   CB;
	0797  :   4E;
	0798  :   28;
	0799  :   32;
	079A  :   4D;
	079B  :   DF;
	079C  :   62;
	079D  :   21;
	079E  :   3B;
	079F  :   01;
	07A0  :   15;
	07A1  :   B8;
	07A2  :   21;
	07A3  :   55;
	07A4  :   01;
	07A5  :   D5;
	07A6  :   E6;
	07A7  :   1F;
	07A8  :   5F;
	07A9  :   16;
	07AA  :   00;
	07AB  :   19;
	07AC  :   D1;
	07AD  :   7E;
	07AE  :   4F;
	07AF  :   18;
	07B0  :   03;
	07B1  :   CB;
	07B2  :   FF;
	07B3  :   4F;
	07B4  :   21;
	07B5  :   27;
	07B6  :   D6;
	07B7  :   7E;
	07B8  :   F5;
	07B9  :   F9;
	07BA  :   78;
	07BB  :   D3;
	07BC  :   03;
	07BD  :   3A;
	07BE  :   0F;
	07BF  :   EB;
	07C0  :   B1;
	07C1  :   36;
	07C2  :   20;
	07C3  :   F9;
	07C4  :   79;
	07C5  :   D3;
	07C6  :   B1;
	07C7  :   EB;
	07C8  :   77;
	07C9  :   E4;
	07CA  :   28;
	07CB  :   87;
	07CC  :   63;
	07CD  :   9F;
	07CE  :   D3;
	07CF  :   0A;
	07D0  :   CB;
	07D1  :   DF;
	07D2  :   8E;
	07D3  :   F9;
	07D4  :   3E;
	07D5  :   FF;
	07D6  :   DB;
	07D7  :   74;
	07D8  :   C9;
	07D9  :   21;
	07DA  :   03;
	07DB  :   60;
	07DC  :   6C;
	07DD  :   E2;
	07DE  :   F5;
	07DF  :   CC;
	07E0  :   CB;
	07E1  :   D4;
	07E2  :   CD;
	07E3  :   99;
	07E4  :   3D;
	07E5  :   9E;
	07E6  :   ED;
	07E7  :   97;
	07E8  :   32;
	07E9  :   25;
	07EA  :   D8;
	07EB  :   D5;
	07EC  :   8D;
	07ED  :   68;
	07EE  :   0E;
	07EF  :   7D;
	07F0  :   BD;
	07F1  :   77;
	07F2  :   C3;
	07F3  :   07;
	07F4  :   10;
	07F5  :   41;
	07F6  :   69;
	07F7  :   D8;
	07F8  :   DD;
	07F9  :   E7;
	07FA  :   32;
	07FB  :   22;
	07FC  :   ED;
	07FD  :   35;
	07FE  :   29;
	07FF  :   A3;
	0800  :   3A;
	0801  :   76;
	0802  :   F3;
	0803  :   68;
	0804  :   CF;
	0805  :   AE;
	0806  :   AB;
	0807  :   D6;
	0808  :   2B;
	0809  :   34;
	080A  :   EB;
	080B  :   F5;
	080C  :   0A;
	080D  :   A2;
	080E  :   CE;
	080F  :   01;
	0810  :   06;
	0811  :   B3;
	0812  :   F5;
	0813  :   EE;
	0814  :   D6;
	0815  :   04;
	0816  :   E5;
	0817  :   AD;
	0818  :   E5;
	0819  :   C5;
	081A  :   07;
	081B  :   6F;
	081C  :   26;
	081D  :   04;
	081E  :   0E;
	081F  :   18;
	0820  :   17;
	0821  :   EA;
	0822  :   FE;
	0823  :   CB;
	0824  :   05;
	0825  :   7D;
	0826  :   A4;
	0827  :   B1;
	0828  :   00;
	0829  :   F0;
	082A  :   0D;
	082B  :   45;
	082C  :   24;
	082D  :   8B;
	082E  :   79;
	[082F..0830]  :   0F;
	0831  :   B1;
	0832  :   0F;
	0833  :   B1;
	0834  :   C1;
	0835  :   A9;
	0836  :   0D;
	0837  :   C5;
	0838  :   5E;
	0839  :   F3;
	083A  :   06;
	083B  :   14;
	083C  :   2A;
	083D  :   BE;
	083E  :   D4;
	083F  :   2B;
	0840  :   23;
	0841  :   E5;
	0842  :   E7;
	0843  :   DE;
	0844  :   21;
	0845  :   77;
	0846  :   10;
	0847  :   F8;
	0848  :   E8;
	0849  :   EC;
	084A  :   DF;
	084B  :   18;
	084C  :   B8;
	084D  :   FB;
	084E  :   0C;
	084F  :   09;
	0850  :   CB;
	0851  :   06;
	0852  :   FB;
	0853  :   94;
	0854  :   5B;
	0855  :   B8;
	0856  :   53;
	0857  :   D2;
	0858  :   96;
	0859  :   F5;
	085A  :   3A;
	085B  :   D0;
	085C  :   CB;
	085D  :   06;
	085E  :   02;
	085F  :   A8;
	0860  :   F4;
	0861  :   F5;
	0862  :   A7;
	0863  :   9C;
	0864  :   07;
	0865  :   21;
	0866  :   7B;
	0867  :   1B;
	0868  :   74;
	0869  :   AD;
	086A  :   B6;
	086B  :   70;
	086C  :   5A;
	086D  :   07;
	086E  :   0B;
	086F  :   0D;
	0870  :   25;
	0871  :   15;
	0872  :   CD;
	0873  :   FE;
	0874  :   53;
	0875  :   CA;
	0876  :   DD;
	0877  :   05;
	0878  :   FE;
	0879  :   4B;
	087A  :   ED;
	087B  :   BA;
	087C  :   79;
	087D  :   B3;
	087E  :   8F;
	087F  :   24;
	0880  :   79;
	0881  :   49;
	0882  :   1E;
	0883  :   0D;
	0884  :   28;
	0885  :   63;
	0886  :   29;
	0887  :   20;
	0888  :   4A;
	0889  :   61;
	088A  :   6E;
	088B  :   20;
	088C  :   48;
	088D  :   65;
	088E  :   D2;
	088F  :   6D;
	0890  :   F3;
	0891  :   03;
	0892  :   0D;
	0893  :   32;
	0894  :   30;
	0895  :   32;
	0896  :   35;
	0897  :   2D;
	0898  :   30;
	0899  :   34;
	089A  :   A4;
	089B  :   FA;
	089C  :   BB;
	089D  :   20;
	[089E..089F]  :   32;
	08A0  :   3A;
	08A1  :   35;
	08A2  :   34;
	08A3  :   F5;
	08A4  :   0D;
	[08A5..08A6]  :   55;
	08A7  :   80;
	08A8  :   01;
	[08A9..08AA]  :   FF;
	08AB  :   C5;
	08AC  :   03;
	08AD  :   3E;
	08AE  :   80;
	08AF  :   CD;
	08B0  :   35;
	08B1  :   A0;
	08B2  :   ED;
	08B3  :   B0;
	08B4  :   87;
	08B5  :   38;
	08B6  :   0D;
	08B7  :   CD;
	08B8  :   35;
	08B9  :   A0;
	08BA  :   E3;
	08BB  :   E5;
	08BC  :   19;
	08BD  :   ED;
	08BE  :   B0;
	08BF  :   E1;
	08C0  :   E3;
	08C1  :   87;
	08C2  :   30;
	08C3  :   EB;
	08C4  :   C1;
	08C5  :   0E;
	08C6  :   FE;
	08C7  :   CD;
	08C8  :   36;
	08C9  :   A0;
	08CA  :   0C;
	08CB  :   C8;
	08CC  :   41;
	08CD  :   4E;
	08CE  :   23;
	08CF  :   CB;
	08D0  :   18;
	08D1  :   CB;
	08D2  :   19;
	08D3  :   C5;
	[08D4..08D5]  :   01;
	08D6  :   00;
	08D7  :   D4;
	08D8  :   3D;
	08D9  :   A0;
	08DA  :   03;
	08DB  :   18;
	08DC  :   DD;
	08DD  :   0C;
	08DE  :   87;
	08DF  :   20;
	08E0  :   03;
	08E1  :   7E;
	08E2  :   23;
	08E3  :   17;
	08E4  :   D8;
	08E5  :   87;
	08E6  :   CB;
	08E7  :   11;
	08E8  :   CB;
	08E9  :   10;
	08EA  :   18;
	08EB  :   F2;
	08EC  :   10;
	08ED  :   3A;
	08EE  :   C3;
	08EF  :   8E;
	08F0  :   00;
	08F1  :   3E;
	08F2  :   FF;
	08F3  :   21;
	08F4  :   C0;
	08F5  :   AF;
	08F6  :   32;
	08F7  :   91;
	08F8  :   40;
	08F9  :   F3;
	08FA  :   21;
	08FB  :   8F;
	08FC  :   40;
	08FD  :   F9;
	08FE  :   CD;
	08FF  :   73;
	0900  :   00;
	0901  :   6F;
	0902  :   60;
	0903  :   25;
	0904  :   22;
	0905  :   92;
	0906  :   40;
	0907  :   CD;
	0908  :   47;
	0909  :   16;
	090A  :   3A;
	090B  :   91;
	090C  :   40;
	090D  :   B7;
	090E  :   C2;
	090F  :   40;
	0910  :   10;
	0911  :   2A;
	0912  :   00;
	0913  :   40;
	0914  :   77;
	0915  :   23;
	0916  :   FC;
	0917  :   1E;
	0918  :   32;
	0919  :   CD;
	091A  :   40;
	091B  :   22;
	091C  :   02;
	091D  :   D1;
	091E  :   A1;
	091F  :   E0;
	0920  :   BE;
	0921  :   21;
	[0922..0923]  :   00;
	0924  :   22;
	0925  :   E0;
	0926  :   FB;
	0927  :   B9;
	0928  :   01;
	0929  :   22;
	092A  :   8C;
	092B  :   10;
	092C  :   21;
	092D  :   2B;
	092E  :   14;
	092F  :   C3;
	0930  :   E8;
	0931  :   14;
	0932  :   7E;
	0933  :   E6;
	0934  :   7F;
	0935  :   F5;
	0936  :   C5;
	0937  :   E5;
	0938  :   4F;
	0939  :   32;
	093A  :   D1;
	093B  :   40;
	093C  :   D6;
	093D  :   0D;
	093E  :   CA;
	093F  :   5E;
	0940  :   10;
	0941  :   D6;
	0942  :   13;
	0943  :   DA;
	0944  :   61;
	0945  :   10;
	0946  :   3A;
	0947  :   D0;
	0948  :   40;
	0949  :   3C;
	094A  :   32;
	094B  :   D0;
	094C  :   A1;
	094D  :   9A;
	094E  :   02;
	094F  :   E1;
	0950  :   C1;
	0951  :   F1;
	0952  :   C9;
	0953  :   AF;
	0954  :   32;
	0955  :   D2;
	0956  :   40;
	0957  :   3A;
	0958  :   C6;
	0959  :   40;
	095A  :   FE;
	095B  :   52;
	095C  :   C2;
	095D  :   7B;
	095E  :   10;
	095F  :   CD;
	0960  :   A6;
	0961  :   00;
	0962  :   D0;
	0963  :   3E;
	0964  :   1A;
	0965  :   C9;
	0966  :   CD;
	0967  :   79;
	0968  :   00;
	0969  :   E6;
	096A  :   7F;
	096B  :   FE;
	096C  :   03;
	096D  :   CA;
	096E  :   03;
	096F  :   10;
	0970  :   B7;
	0971  :   C9;
	0972  :   FE;
	0973  :   47;
	0974  :   CA;
	0975  :   9E;
	0976  :   3E;
	0977  :   F8;
	0978  :   A2;
	0979  :   7E;
	097A  :   72;
	097B  :   1B;
	097C  :   CD;
	097D  :   A9;
	097E  :   00;
	097F  :   FE;
	0980  :   38;
	0981  :   3A;
	0982  :   C7;
	0983  :   05;
	0984  :   A1;
	0985  :   CA;
	0986  :   D2;
	0987  :   5E;
	0988  :   FE;
	0989  :   42;
	098A  :   C8;
	098B  :   FE;
	098C  :   50;
	098D  :   CA;
	098E  :   A3;
	098F  :   00;
	0990  :   FE;
	0991  :   4C;
	0992  :   CA;
	0993  :   B2;
	0994  :   00;
	0995  :   3C;
	0996  :   CA;
	0997  :   C4;
	0998  :   3D;
	0999  :   47;
	099A  :   3E;
	099B  :   7F;
	099C  :   B9;
	099D  :   CA;
	099E  :   CE;
	099F  :   43;
	09A0  :   EA;
	09A1  :   AD;
	09A2  :   C2;
	09A3  :   C4;
	09A4  :   90;
	09A5  :   BE;
	09A6  :   3E;
	09A7  :   A0;
	09A8  :   A9;
	09A9  :   4F;
	09AA  :   78;
	09AB  :   FE;
	09AC  :   49;
	09AD  :   CC;
	09AE  :   B2;
	09AF  :   00;
	09B0  :   CD;
	09B1  :   76;
	09B2  :   7F;
	09B3  :   D7;
	09B4  :   01;
	09B5  :   E1;
	09B6  :   C9;
	09B7  :   79;
	09B8  :   FE;
	09B9  :   20;
	09BA  :   D8;
	09BB  :   2A;
	09BC  :   06;
	09BD  :   40;
	09BE  :   71;
	09BF  :   3E;
	09C0  :   8D;
	09C1  :   BD;
	09C2  :   CA;
	09C3  :   E1;
	09C4  :   10;
	09C5  :   23;
	09C6  :   22;
	09C7  :   EB;
	09C8  :   A7;
	09C9  :   C9;
	09CA  :   E5;
	09CB  :   2E;
	09CC  :   84;
	09CD  :   BD;
	09CE  :   D8;
	09CF  :   3E;
	09D0  :   0D;
	09D1  :   7B;
	09D2  :   59;
	09D3  :   A1;
	09D4  :   0A;
	09D5  :   E9;
	09D6  :   F7;
	09D7  :   20;
	09D8  :   68;
	09D9  :   7E;
	09DA  :   FE;
	09DB  :   41;
	09DC  :   D8;
	09DD  :   FE;
	09DE  :   5B;
	09DF  :   3F;
	09E0  :   7E;
	09E1  :   FE;
	09E2  :   61;
	09E3  :   D8;
	09E4  :   D6;
	09E5  :   20;
	09E6  :   EE;
	09E7  :   56;
	09E8  :   7E;
	09E9  :   C9;
	09EA  :   2A;
	09EB  :   66;
	09EC  :   12;
	09ED  :   EB;
	09EE  :   21;
	09EF  :   44;
	09F0  :   49;
	09F1  :   7C;
	09F2  :   92;
	09F3  :   C0;
	09F4  :   7D;
	09F5  :   93;
	09F6  :   C9;
	09F7  :   80;
	09F8  :   1A;
	09F9  :   04;
	09FA  :   00;
	09FB  :   39;
	09FC  :   7E;
	09FD  :   23;
	09FE  :   FE;
	09FF  :   81;
	0A00  :   C0;
	0A01  :   4E;
	0A02  :   23;
	0A03  :   46;
	0A04  :   23;
	0A05  :   E5;
	0A06  :   69;
	0A07  :   60;
	0A08  :   7A;
	0A09  :   B3;
	0A0A  :   EB;
	0A0B  :   CA;
	0A0C  :   31;
	0A0D  :   11;
	0A0E  :   EB;
	0A0F  :   CD;
	[0A10..0A11]  :   11;
	0A12  :   01;
	0A13  :   0D;
	0A14  :   00;
	0A15  :   E1;
	0A16  :   C8;
	0A17  :   09;
	0A18  :   C3;
	0A19  :   1B;
	0A1A  :   E0;
	0A1B  :   E3;
	0A1C  :   CB;
	0A1D  :   5E;
	0A1E  :   E3;
	0A1F  :   E5;
	0A20  :   2A;
	0A21  :   BD;
	0A22  :   40;
	0A23  :   06;
	0A24  :   00;
	[0A25..0A26]  :   09;
	0A27  :   CD;
	0A28  :   9E;
	0A29  :   14;
	0A2A  :   E1;
	0A2B  :   C9;
	0A2C  :   DB;
	0A2D  :   00;
	0A2E  :   C9;
	0A2F  :   D3;
	0A30  :   00;
	0A31  :   F4;
	0A32  :   91;
	0A33  :   EA;
	0A34  :   A3;
	0A35  :   B8;
	0A36  :   C2;
	0A37  :   1D;
	0A38  :   41;
	0A39  :   C9;
	0A3A  :   D5;
	0A3B  :   11;
	[0A3C..0A3D]  :   00;
	0A3E  :   19;
	0A3F  :   D1;
	0A40  :   CE;
	0A41  :   DF;
	0A42  :   D6;
	0A43  :   4F;
	0A44  :   6F;
	0A45  :   7C;
	0A46  :   DE;
	0A47  :   00;
	0A48  :   67;
	0A49  :   78;
	0A4A  :   F9;
	0A4B  :   79;
	0A4C  :   8D;
	0A4D  :   E5;
	0A4E  :   42;
	0A4F  :   52;
	0A50  :   C7;
	0A51  :   4F;
	0A52  :   80;
	0A53  :   3E;
	0A54  :   42;
	0A55  :   C9;
	0A56  :   19;
	0A57  :   1E;
	0A58  :   CD;
	0A59  :   1C;
	0A5A  :   FC;
	0A5B  :   26;
	0A5C  :   06;
	0A5D  :   22;
	0A5E  :   D1;
	0A5F  :   25;
	0A60  :   B3;
	0A61  :   29;
	0A62  :   3B;
	0A63  :   26;
	0A64  :   20;
	0A65  :   22;
	0A66  :   B5;
	0A67  :   21;
	0A68  :   8C;
	0A69  :   20;
	0A6A  :   AA;
	0A6B  :   84;
	0A6C  :   E0;
	0A6D  :   D0;
	0A6E  :   1D;
	0A6F  :   F0;
	0A70  :   20;
	0A71  :   D3;
	0A72  :   21;
	0A73  :   15;
	0A74  :   28;
	0A75  :   08;
	0A76  :   22;
	0A77  :   FD;
	0A78  :   16;
	0A79  :   11;
	0A7A  :   1E;
	0A7B  :   7E;
	0A7C  :   2E;
	0A7D  :   74;
	0A7E  :   22;
	0A7F  :   84;
	0A80  :   2E;
	0A81  :   9D;
	0A82  :   22;
	0A83  :   C3;
	0A84  :   1C;
	0A85  :   CA;
	0A86  :   23;
	0A87  :   66;
	0A88  :   2B;
	0A89  :   4C;
	0A8A  :   1E;
	0A8B  :   2D;
	0A8C  :   1B;
	0A8D  :   18;
	0A8E  :   1A;
	0A8F  :   B2;
	0A90  :   1E;
	0A91  :   D2;
	0A92  :   18;
	0A93  :   8E;
	0A94  :   19;
	0A95  :   06;
	0A96  :   10;
	0A97  :   8F;
	0A98  :   1C;
	0A99  :   67;
	0A9A  :   10;
	0A9B  :   87;
	0A9C  :   80;
	0A9D  :   8A;
	0A9E  :   28;
	0A9F  :   1B;
	0AA0  :   23;
	0AA1  :   37;
	0AA2  :   F9;
	0AA3  :   36;
	0AA4  :   0B;
	0AA5  :   37;
	0AA6  :   2F;
	0AA7  :   9A;
	0AA8  :   0C;
	0AA9  :   23;
	0AAA  :   37;
	0AAB  :   69;
	0AAC  :   B9;
	0AAD  :   36;
	0AAE  :   E1;
	0AAF  :   1A;
	0AB0  :   E0;
	0AB1  :   35;
	0AB2  :   25;
	0AB3  :   1F;
	0AB4  :   F9;
	0AB5  :   35;
	0AB6  :   9E;
	0AB7  :   20;
	0AB8  :   D8;
	0AB9  :   35;
	0ABA  :   5F;
	0ABB  :   18;
	0ABC  :   53;
	0ABD  :   06;
	0ABE  :   6F;
	0ABF  :   1B;
	0AC0  :   41;
	0AC1  :   18;
	0AC2  :   A3;
	0AC3  :   21;
	0AC4  :   77;
	0AC5  :   18;
	0AC6  :   85;
	0AC7  :   AA;
	0AC8  :   A2;
	0AC9  :   AB;
	0ACA  :   81;
	0ACB  :   5A;
	0ACC  :   DC;
	0ACD  :   1B;
	0ACE  :   B3;
	0ACF  :   29;
	0AD0  :   6A;
	0AD1  :   37;
	0AD2  :   5C;
	0AD3  :   39;
	0AD4  :   C7;
	0AD5  :   37;
	0AD6  :   7C;
	0AD7  :   39;
	0AD8  :   B0;
	0AD9  :   3D;
	0ADA  :   1F;
	0ADB  :   3E;
	0ADC  :   4E;
	0ADD  :   3C;
	0ADE  :   E1;
	0ADF  :   3A;
	0AE0  :   2E;
	0AE1  :   2B;
	0AE2  :   46;
	0AE3  :   31;
	0AE4  :   0D;
	0AE5  :   32;
	0AE6  :   5C;
	0AE7  :   31;
	0AE8  :   72;
	0AE9  :   2E;
	0AEA  :   EE;
	0AEB  :   33;
	0AEC  :   C6;
	0AED  :   34;
	0AEE  :   F2;
	0AEF  :   2F;
	0AF0  :   35;
	0AF1  :   34;
	0AF2  :   F9;
	0AF3  :   6A;
	0AF4  :   05;
	0AF5  :   35;
	0AF6  :   69;
	0AF7  :   7E;
	0AF8  :   95;
	0AF9  :   AA;
	0AFA  :   BC;
	0AFB  :   1C;
	0AFC  :   3A;
	0AFD  :   2B;
	0AFE  :   D8;
	0AFF  :   2D;
	0B00  :   F0;
	0B01  :   2B;
	0B02  :   C9;
	0B03  :   2E;
	0B04  :   E7;
	0B05  :   2D;
	0B06  :   04;
	0B07  :   2E;
	0B08  :   14;
	0B09  :   44;
	0B0A  :   A6;
	0B0B  :   4E;
	0B0C  :   95;
	0B0D  :   1C;
	0B0E  :   31;
	0B0F  :   A9;
	0B10  :   3C;
	0B11  :   13;
	0B12  :   D5;
	0B13  :   1B;
	0B14  :   27;
	0B15  :   1C;
	0B16  :   E3;
	0B17  :   1B;
	0B18  :   79;
	0B19  :   CD;
	0B1A  :   32;
	0B1B  :   79;
	0B1C  :   F1;
	0B1D  :   2E;
	0B1E  :   7B;
	0B1F  :   33;
	0B20  :   30;
	0B21  :   7B;
	0B22  :   8B;
	0B23  :   30;
	0B24  :   7F;
	0B25  :   F7;
	0B26  :   33;
	0B27  :   50;
	0B28  :   E8;
	0B29  :   28;
	0B2A  :   46;
	0B2B  :   E7;
	0B2C  :   A8;
	0B2D  :   FB;
	0B2E  :   E9;
	0B2F  :   14;
	0B30  :   E1;
	0B31  :   45;
	0B32  :   4E;
	0B33  :   C4;
	0B34  :   46;
	0B35  :   4F;
	0B36  :   D2;
	0B37  :   4E;
	0B38  :   45;
	0B39  :   58;
	0B3A  :   D4;
	0B3B  :   44;
	0B3C  :   41;
	0B3D  :   54;
	0B3E  :   C1;
	0B3F  :   49;
	0B40  :   4E;
	0B41  :   50;
	0B42  :   55;
	0B43  :   D4;
	0B44  :   44;
	0B45  :   49;
	0B46  :   CD;
	0B47  :   52;
	0B48  :   45;
	0B49  :   41;
	0B4A  :   C4;
	0B4B  :   4C;
	0B4C  :   45;
	0B4D  :   D4;
	0B4E  :   47;
	0B4F  :   4F;
	0B50  :   54;
	0B51  :   CF;
	0B52  :   52;
	0B53  :   55;
	0B54  :   CE;
	0B55  :   49;
	0B56  :   C6;
	0B57  :   E1;
	0B58  :   89;
	0B59  :   53;
	0B5A  :   54;
	0B5B  :   4F;
	0B5C  :   52;
	0B5D  :   C5;
	0B5E  :   E0;
	0B5F  :   53;
	0B60  :   55;
	0B61  :   C2;
	0B62  :   E9;
	0B63  :   38;
	0B64  :   54;
	0B65  :   55;
	0B66  :   52;
	0B67  :   CE;
	0B68  :   46;
	0B69  :   55;
	0B6A  :   4E;
	0B6B  :   C3;
	0B6C  :   ED;
	0B6D  :   E8;
	0B6E  :   CD;
	0B6F  :   A1;
	0B70  :   D0;
	0B71  :   06;
	0B72  :   D0;
	0B73  :   4F;
	0B74  :   55;
	0B75  :   D4;
	0B76  :   4F;
	0B77  :   CE;
	0B78  :   57;
	0B79  :   41;
	0B7A  :   49;
	0B7B  :   D4;
	0B7C  :   54;
	0B7D  :   D2;
	0B7E  :   50;
	0B7F  :   4F;
	0B80  :   4B;
	0B81  :   C5;
	0B82  :   50;
	0B83  :   F8;
	0B84  :   73;
	0B85  :   77;
	0B86  :   39;
	0B87  :   45;
	0B88  :   C6;
	0B89  :   43;
	0B8A  :   4F;
	0B8B  :   F3;
	0B8C  :   7A;
	0B8D  :   4C;
	0B8E  :   49;
	0B8F  :   53;
	0B90  :   D4;
	0B91  :   C0;
	0B92  :   43;
	0B93  :   4C;
	0B94  :   63;
	0B95  :   D2;
	0B96  :   B8;
	0B97  :   4F;
	0B98  :   5B;
	0B99  :   39;
	0B9A  :   53;
	0B9B  :   41;
	0B9C  :   56;
	0B9D  :   C5;
	0B9E  :   2B;
	0B9F  :   39;
	0BA0  :   D7;
	0BA1  :   42;
	0BA2  :   59;
	0BA3  :   C5;
	0BA4  :   4F;
	0BA5  :   46;
	0BA6  :   C3;
	0BA7  :   83;
	0BA8  :   4C;
	0BA9  :   D3;
	0BAA  :   4C;
	0BAB  :   B4;
	0BAC  :   6F;
	0BAD  :   54;
	0BAE  :   97;
	0BAF  :   DD;
	0BB0  :   57;
	0BB1  :   48;
	0BB2  :   49;
	0BB3  :   4C;
	0BB4  :   C5;
	0BB5  :   44;
	0BB6  :   CF;
	0BB7  :   B8;
	0BB8  :   5D;
	0BB9  :   50;
	0BBA  :   AB;
	0BBB  :   DA;
	0BBC  :   D4;
	0BBD  :   57;
	0BBE  :   D6;
	0BBF  :   E2;
	0BC0  :   42;
	0BC1  :   F8;
	0BC2  :   F9;
	0BC3  :   C7;
	0BC4  :   73;
	0BC5  :   89;
	0BC6  :   A0;
	0BC7  :   54;
	0BC8  :   C5;
	0BC9  :   43;
	0BCA  :   DB;
	0BCB  :   44;
	0BCC  :   C5;
	0BCD  :   41;
	0BCE  :   55;
	0BCF  :   E8;
	0BD0  :   93;
	0BD1  :   D7;
	0BD2  :   55;
	0BD3  :   CD;
	0BD4  :   53;
	[0BD5..0BD6]  :   45;
	0BD7  :   CB;
	0BD8  :   66;
	0BD9  :   B1;
	0BDA  :   54;
	0BDB  :   52;
	0BDC  :   D0;
	0BDD  :   EF;
	0BDE  :   C3;
	0BDF  :   4F;
	0BE0  :   A3;
	0BE1  :   7B;
	0BE2  :   ED;
	0BE3  :   E7;
	0BE4  :   C4;
	0BE5  :   DF;
	0BE6  :   69;
	0BE7  :   CD;
	0BE8  :   B5;
	0BE9  :   6E;
	[0BEA..0BEB]  :   D3;
	0BEC  :   09;
	0BED  :   7A;
	0BEE  :   4F;
	0BEF  :   C3;
	0BF0  :   4D;
	0BF1  :   A4;
	0BF2  :   DA;
	0BF3  :   57;
	0BF4  :   52;
	0BF5  :   EE;
	0BF6  :   41;
	0BF7  :   49;
	0BF8  :   42;
	0BF9  :   A9;
	0BFA  :   DA;
	0BFB  :   D0;
	0BFC  :   5C;
	0BFD  :   E2;
	0BFE  :   56;
	0BFF  :   03;
	0C00  :   53;
	0C01  :   43;
	0C02  :   E7;
	0C03  :   3F;
	0C04  :   41;
	0C05  :   58;
	0C06  :   45;
	0C07  :   AA;
	0C08  :   BD;
	0C09  :   4C;
	0C0A  :   D4;
	0C0B  :   2A;
	0C0C  :   56;
	0C0D  :   3B;
	0C0E  :   4C;
	0C0F  :   41;
	0C10  :   C7;
	0C11  :   CC;
	0C12  :   8F;
	0C13  :   89;
	0C14  :   4C;
	0C15  :   CC;
	0C16  :   47;
	0C17  :   92;
	0C18  :   DD;
	0C19  :   D2;
	0C1A  :   44;
	0C1B  :   52;
	0C1C  :   41;
	0C1D  :   D7;
	0C1E  :   54;
	0C1F  :   2E;
	0C20  :   A8;
	0C21  :   39;
	0C22  :   07;
	0C23  :   53;
	0C24  :   50;
	0C25  :   43;
	0C26  :   A8;
	0C27  :   A6;
	0C28  :   46;
	0C29  :   CE;
	0C2A  :   54;
	0C2B  :   48;
	0C2C  :   F8;
	0C2D  :   4D;
	0C2E  :   09;
	0C2F  :   57;
	0C30  :   E3;
	0C31  :   55;
	0C32  :   53;
	0C33  :   43;
	0C34  :   C7;
	0C35  :   4E;
	0C36  :   DE;
	0C37  :   9B;
	0C38  :   31;
	0C39  :   6D;
	0C3A  :   4F;
	0C3B  :   AB;
	0C3C  :   AD;
	0C3D  :   AA;
	0C3E  :   AF;
	0C3F  :   DE;
	0C40  :   41;
	0C41  :   4D;
	0C42  :   B9;
	0C43  :   A3;
	0C44  :   58;
	0C45  :   FB;
	0C46  :   D8;
	0C47  :   BE;
	0C48  :   BD;
	0C49  :   BC;
	[0C4A..0C4B]  :   27;
	0C4C  :   D3;
	0C4D  :   53;
	0C4E  :   47;
	0C4F  :   CE;
	0C50  :   B8;
	0C51  :   8F;
	0C52  :   D3;
	0C53  :   F5;
	0C54  :   7E;
	0C55  :   D0;
	0C56  :   53;
	0C57  :   51;
	0C58  :   D2;
	0C59  :   52;
	0C5A  :   C7;
	0C5B  :   67;
	0C5C  :   CB;
	0C5D  :   C7;
	0C5E  :   67;
	0C5F  :   D0;
	0C60  :   EB;
	0C61  :   57;
	0C62  :   CB;
	0C63  :   49;
	0C64  :   8A;
	0C65  :   5D;
	0C66  :   CE;
	0C67  :   41;
	0C68  :   36;
	0C69  :   CE;
	0C6A  :   50;
	0C6B  :   9E;
	0C6C  :   8F;
	0C6D  :   46;
	0C6E  :   52;
	0C6F  :   1F;
	0C70  :   E3;
	0C71  :   5F;
	0C72  :   77;
	0C73  :   52;
	0C74  :   A4;
	0C75  :   6D;
	0C76  :   E9;
	0C77  :   CC;
	0C78  :   9F;
	0C79  :   CF;
	0C7A  :   C3;
	0C7B  :   43;
	0C7C  :   48;
	0C7D  :   ED;
	0C7E  :   9A;
	0C7F  :   DF;
	0C80  :   46;
	0C81  :   54;
	0C82  :   A4;
	0C83  :   7A;
	0C84  :   49;
	0C85  :   47;
	0C86  :   48;
	0C87  :   F5;
	0C88  :   4D;
	0C89  :   9E;
	0C8A  :   44;
	0C8B  :   A4;
	0C8C  :   48;
	0C8D  :   93;
	0C8E  :   E3;
	0C8F  :   A8;
	0C90  :   25;
	0C91  :   52;
	0C92  :   A8;
	0C93  :   68;
	0C94  :   AE;
	0C95  :   3E;
	0C96  :   4C;
	0C97  :   A8;
	0C98  :   50;
	0C99  :   54;
	0C9A  :   EF;
	0C9B  :   5B;
	0C9C  :   52;
	0C9D  :   4B;
	0C9E  :   45;
	0C9F  :   D9;
	0CA0  :   47;
	0CA1  :   45;
	0CA2  :   D4;
	0CA3  :   00;
	0CA4  :   08;
	0CA5  :   20;
	0CA6  :   88;
	0CA7  :   00;
	0CA8  :   45;
	[0CA9..0CAA]  :   52;
	0CAB  :   83;
	0CAC  :   52;
	0CAD  :   A0;
	0CAE  :   00;
	0CAF  :   20;
	0CB0  :   B3;
	0CB1  :   D7;
	0CB2  :   20;
	0CB3  :   97;
	0CB4  :   38;
	0CB5  :   79;
	0CB6  :   ED;
	0CB7  :   19;
	0CB8  :   0D;
	0CB9  :   0A;
	0CBA  :   52;
	0CBB  :   45;
	0CBC  :   41;
	0CBD  :   44;
	0CBE  :   59;
	0CBF  :   0D;
	0CC0  :   8A;
	0CC1  :   BA;
	0CC2  :   42;
	0CC3  :   EA;
	0CC4  :   39;
	0CC5  :   CB;
	0CC6  :   00;
	0CC7  :   FE;
	0CC8  :   6E;
	0CC9  :   22;
	0CCA  :   C3;
	0CCB  :   55;
	0CCC  :   71;
	0CCD  :   17;
	0CCE  :   09;
	0CCF  :   03;
	0CD0  :   42;
	0CD1  :   61;
	0CD2  :   73;
	0CD3  :   69;
	0CD4  :   63;
	0CD5  :   20;
	0CD6  :   45;
	0CD7  :   58;
	0CD8  :   50;
	0CD9  :   20;
	0CDA  :   56;
	0CDB  :   35;
	0CDC  :   2E;
	0CDD  :   30;
	0CDE  :   2F;
	0CDF  :   47;
	0CE0  :   20;
	[0CE1..0CE2]  :   53;
	0CE3  :   4D;
	0CE4  :   04;
	0CE5  :   0D;
	0CE6  :   09;
	0CE7  :   20;
	0CE8  :   28;
	0CE9  :   63;
	0CEA  :   29;
	0CEB  :   20;
	0CEC  :   31;
	0CED  :   39;
	0CEE  :   38;
	0CEF  :   36;
	0CF0  :   20;
	0CF1  :   54;
	0CF2  :   65;
	0CF3  :   73;
	0CF4  :   6C;
	0CF5  :   61;
	0CF6  :   20;
	0CF7  :   44;
	0CF8  :   49;
	0CF9  :   5A;
	0CFA  :   87;
	0CFB  :   00;
	0CFC  :   0D;
	0CFD  :   53;
	0CFE  :   70;
	0CFF  :   6F;
	0D00  :   6A;
	0D01  :   69;
	0D02  :   74;
	0D03  :   3F;
	0D04  :   28;
	0D05  :   41;
	0D06  :   29;
	0D07  :   00;
	0D08  :   4E;
	0D09  :   C6;
	0D0A  :   53;
	0D0B  :   CE;
	0D0C  :   B2;
	0D0D  :   08;
	0D0E  :   7B;
	0D0F  :   5D;
	0D10  :   C3;
	0D11  :   4F;
	0D12  :   D6;
	0D13  :   4F;
	0D14  :   CD;
	0D15  :   55;
	0D16  :   D3;
	0D17  :   80;
	0D18  :   43;
	0D19  :   DD;
	0D1A  :   44;
	0D1B  :   C4;
	0D1C  :   2F;
	0D1D  :   B0;
	0D1E  :   49;
	0D1F  :   C4;
	0D20  :   54;
	0D21  :   CD;
	0D22  :   53;
	0D23  :   72;
	0D24  :   95;
	0D25  :   53;
	0D26  :   50;
	0D27  :   C2;
	0D28  :   43;
	0D29  :   CE;
	0D2A  :   55;
	0D2B  :   C6;
	0D2C  :   57;
	0D2D  :   C5;
	0D2E  :   55;
	0D2F  :   CE;
	0D30  :   42;
	0D31  :   C5;
	0D32  :   4D;
	0D33  :   A3;
	0D34  :   4E;
	0D35  :   C4;
	0D36  :   50;
	0D37  :   C1;
	0D38  :   50;
	0D39  :   C5;
	0D3A  :   56;
	0D3B  :   C1;
	0D3C  :   3F;
	0D3D  :   BF;
	0D3E  :   D5;
	0D3F  :   EB;
	0D40  :   21;
	0D41  :   DA;
	0D42  :   FF;
	0D43  :   39;
	0D44  :   14;
	0D45  :   84;
	0D46  :   FA;
	0D47  :   EB;
	0D48  :   D1;
	0D49  :   D0;
	0D4A  :   1E;
	0D4B  :   0C;
	0D4C  :   C3;
	0D4D  :   C1;
	0D4E  :   14;
	0D4F  :   1E;
	0D50  :   00;
	0D51  :   F6;
	0D52  :   14;
	0D53  :   64;
	0D54  :   68;
	0D55  :   2A;
	0D56  :   AA;
	0D57  :   40;
	0D58  :   22;
	0D59  :   B3;
	0D5A  :   40;
	0D5B  :   1E;
	0D5C  :   02;
	0D5D  :   CD;
	0D5E  :   AA;
	0D5F  :   16;
	0D60  :   6B;
	0D61  :   D5;
	0D62  :   D4;
	0D63  :   ED;
	0D64  :   15;
	0D65  :   E0;
	0D66  :   8E;
	0D67  :   0D;
	0D68  :   EB;
	0D69  :   10;
	0D6A  :   21;
	0D6B  :   FB;
	0D6C  :   13;
	0D6D  :   CD;
	0D6E  :   6D;
	0D6F  :   2C;
	0D70  :   E1;
	0D71  :   26;
	0D72  :   00;
	0D73  :   11;
	0D74  :   68;
	0D75  :   14;
	0D76  :   19;
	0D77  :   7E;
	0D78  :   5A;
	0D79  :   2A;
	0D7A  :   F9;
	0D7B  :   23;
	0D7C  :   F6;
	0D7D  :   FE;
	0D7E  :   21;
	0D7F  :   5A;
	0D80  :   14;
	0D81  :   C2;
	0D82  :   CF;
	0D83  :   E0;
	0D84  :   2A;
	0D85  :   9D;
	0D86  :   4F;
	0D87  :   7C;
	0D88  :   A5;
	0D89  :   3C;
	0D8A  :   CA;
	0D8B  :   FD;
	0D8C  :   14;
	0D8D  :   22;
	0D8E  :   CE;
	0D8F  :   40;
	0D90  :   C4;
	0D91  :   DE;
	0D92  :   32;
	0D93  :   CD;
	0D94  :   F4;
	0D95  :   35;
	0D96  :   2A;
	0D97  :   A7;
	0D98  :   13;
	0D99  :   39;
	0D9A  :   7A;
	0D9B  :   63;
	0D9C  :   3A;
	0D9D  :   38;
	0D9E  :   C2;
	0D9F  :   5D;
	0DA0  :   B1;
	0DA1  :   E9;
	[0DA2..0DA3]  :   FF;
	0DA4  :   58;
	0DA5  :   E9;
	0DA6  :   21;
	0DA7  :   0C;
	0DA8  :   14;
	0DA9  :   AA;
	0DAA  :   3A;
	0DAB  :   CD;
	0DAC  :   22;
	0DAD  :   15;
	0DAE  :   C3;
	0DAF  :   91;
	0DB0  :   1D;
	0DB1  :   BC;
	0DB2  :   0E;
	0DB3  :   CD;
	0DB4  :   A2;
	0DB5  :   17;
	0DB6  :   D8;
	0DB7  :   4C;
	0DB8  :   85;
	0DB9  :   D0;
	0DBA  :   CD;
	0DBB  :   B5;
	0DBC  :   1D;
	0DBD  :   3C;
	0DBE  :   3D;
	0DBF  :   CA;
	0DC0  :   1F;
	0DC1  :   15;
	0DC2  :   F5;
	0DC3  :   3A;
	0DC4  :   E4;
	0DC5  :   9A;
	0DC6  :   D5;
	0DC7  :   CA;
	0DC8  :   5C;
	0DC9  :   15;
	0DCA  :   AE;
	0DCB  :   E2;
	0DCC  :   EB;
	0DCD  :   33;
	0DCE  :   7E;
	0DCF  :   6F;
	0DD0  :   19;
	0DD1  :   22;
	0DD2  :   F1;
	0DD3  :   03;
	0DD4  :   5E;
	0DD5  :   0A;
	0DD6  :   11;
	0DD7  :   C0;
	0DD8  :   D1;
	0DD9  :   21;
	0DDA  :   E7;
	0DDB  :   FD;
	0DDC  :   74;
	0DDD  :   80;
	0DDE  :   A6;
	0DDF  :   DC;
	0DE0  :   BF;
	0DE1  :   14;
	0DE2  :   F1;
	0DE3  :   37;
	0DE4  :   F5;
	0DE5  :   21;
	0DE6  :   09;
	0DE7  :   C3;
	0DE8  :   5F;
	0DE9  :   15;
	0DEA  :   8E;
	0DEB  :   85;
	0DEC  :   1E;
	0DED  :   CB;
	0DEE  :   68;
	0DEF  :   E7;
	0DF0  :   16;
	0DF1  :   47;
	0DF2  :   57;
	0DF3  :   F1;
	0DF4  :   D0;
	0DF5  :   D5;
	0DF6  :   C5;
	0DF7  :   CD;
	0DF8  :   32;
	0DF9  :   16;
	0DFA  :   F5;
	0DFB  :   CD;
	0DFC  :   14;
	0DFD  :   16;
	0DFE  :   C5;
	0DFF  :   D2;
	0E00  :   88;
	0E01  :   15;
	0E02  :   EB;
	0E03  :   2A;
	0E04  :   02;
	0E05  :   40;
	0E06  :   1A;
	0E07  :   02;
	0E08  :   03;
	0E09  :   13;
	0E0A  :   A4;
	0E0B  :   16;
	0E0C  :   BF;
	0E0D  :   D2;
	0E0E  :   78;
	0E0F  :   15;
	0E10  :   60;
	0E11  :   69;
	0E12  :   2B;
	0E13  :   E1;
	0E14  :   B9;
	0E15  :   A0;
	0E16  :   D6;
	0E17  :   6B;
	0E18  :   E3;
	0E19  :   C1;
	0E1A  :   CA;
	0E1B  :   B1;
	0E1C  :   15;
	0E1D  :   09;
	0E1E  :   E5;
	0E1F  :   CD;
	0E20  :   DC;
	[0E21..0E22]  :   E1;
	0E23  :   DB;
	0E24  :   43;
	0E25  :   2B;
	0E26  :   36;
	0E27  :   37;
	[0E28..0E29]  :   23;
	0E2A  :   D1;
	0E2B  :   D5;
	0E2C  :   73;
	0E2D  :   23;
	0E2E  :   72;
	0E2F  :   23;
	0E30  :   09;
	0E31  :   8B;
	0E32  :   9F;
	0E33  :   77;
	0E34  :   23;
	0E35  :   16;
	0E36  :   E5;
	0E37  :   4C;
	0E38  :   A9;
	0E39  :   15;
	0E3A  :   D1;
	0E3B  :   CD;
	0E3C  :   D1;
	0E3D  :   16;
	0E3E  :   5A;
	0E3F  :   DC;
	0E40  :   68;
	0E41  :   54;
	0E42  :   5D;
	0E43  :   7E;
	0E44  :   DE;
	0E45  :   B6;
	0E46  :   CA;
	0E47  :   B9;
	0E48  :   BD;
	0E49  :   68;
	0E4A  :   23;
	0E4B  :   AF;
	0E4C  :   BE;
	0E4D  :   FA;
	0E4E  :   C2;
	0E4F  :   C4;
	0E50  :   57;
	0E51  :   B0;
	0E52  :   4D;
	0E53  :   EB;
	0E54  :   C3;
	0E55  :   B8;
	0E56  :   15;
	0E57  :   18;
	0E58  :   06;
	0E59  :   66;
	0E5A  :   A2;
	0E5B  :   DD;
	0E5C  :   C3;
	0E5D  :   A1;
	0E5E  :   1A;
	0E5F  :   D4;
	0E60  :   FA;
	0E61  :   C5;
	0E62  :   5B;
	0E63  :   34;
	0E64  :   17;
	0E65  :   7E;
	0E66  :   02;
	0E67  :   C8;
	0E68  :   0B;
	0E69  :   2B;
	0E6A  :   C3;
	0E6B  :   E2;
	0E6C  :   15;
	0E6D  :   AF;
	0E6E  :   C9;
	0E6F  :   00;
	0E70  :   D6;
	0E71  :   FE;
	0E72  :   10;
	0E73  :   E8;
	0E74  :   C8;
	0E75  :   D1;
	0E76  :   C9;
	0E77  :   2E;
	0E78  :   43;
	0E79  :   01;
	0E7A  :   8D;
	0E7B  :   41;
	0E7C  :   60;
	0E7D  :   2B;
	0E7E  :   79;
	0E7F  :   BE;
	0E80  :   21;
	0E81  :   3C;
	0E82  :   1D;
	0E83  :   CA;
	0E84  :   13;
	0E85  :   16;
	0E86  :   3E;
	0E87  :   E3;
	0E88  :   42;
	0E89  :   98;
	0E8A  :   44;
	0E8B  :   4D;
	0E8C  :   D8;
	0E8D  :   2B;
	0E8E  :   C8;
	0E8F  :   95;
	0E90  :   EB;
	0E91  :   D7;
	0E92  :   28;
	0E93  :   FA;
	0E94  :   E1;
	0E95  :   AD;
	0E96  :   78;
	0E97  :   E1;
	0E98  :   61;
	0E99  :   E3;
	0E9A  :   E4;
	0E9B  :   C8;
	0E9C  :   3F;
	0E9D  :   D0;
	0E9E  :   C3;
	0E9F  :   17;
	0EA0  :   C1;
	0EA1  :   7A;
	0EA2  :   43;
	0EA3  :   06;
	0EA4  :   41;
	0EA5  :   4F;
	0EA6  :   0B;
	0EA7  :   0A;
	0EA8  :   FE;
	0EA9  :   8D;
	0EAA  :   CA;
	0EAB  :   3F;
	0EAC  :   16;
	0EAD  :   FE;
	0EAE  :   1B;
	0EAF  :   32;
	0EB0  :   C4;
	0EB1  :   3D;
	0EB2  :   A5;
	0EB3  :   88;
	0EB4  :   B1;
	0EB5  :   21;
	0EB6  :   43;
	0EB7  :   41;
	0EB8  :   36;
	0EB9  :   00;
	0EBA  :   23;
	0EBB  :   22;
	0EBC  :   7C;
	0EBD  :   80;
	0EBE  :   4F;
	0EBF  :   C2;
	0EC0  :   36;
	0EC1  :   43;
	0EC2  :   57;
	0EC3  :   A4;
	0EC4  :   B3;
	0EC5  :   78;
	0EC6  :   01;
	0EC7  :   0D;
	0EC8  :   39;
	0EC9  :   11;
	0ECA  :   F3;
	0ECB  :   40;
	0ECC  :   2E;
	0ECD  :   20;
	0ECE  :   CD;
	0ECF  :   A1;
	0ED0  :   2D;
	0ED1  :   01;
	0ED2  :   4B;
	0ED3  :   7B;
	0ED4  :   31;
	0ED5  :   17;
	0ED6  :   41;
	0ED7  :   2E;
	0ED8  :   2C;
	0ED9  :   38;
	0EDA  :   58;
	0EDB  :   7A;
	0EDC  :   CA;
	0EDD  :   79;
	0EDE  :   16;
	0EDF  :   2E;
	0EE0  :   25;
	0EE1  :   D8;
	0EE2  :   35;
	0EE3  :   21;
	0EE4  :   96;
	0EE5  :   AD;
	0EE6  :   7B;
	0EE7  :   94;
	0EE8  :   98;
	0EE9  :   F0;
	0EEA  :   EB;
	0EEB  :   2A;
	0EEC  :   92;
	0EED  :   E9;
	0EEE  :   A6;
	0EEF  :   42;
	0EF0  :   99;
	0EF1  :   A3;
	0EF2  :   FF;
	0EF3  :   D4;
	0EF4  :   AF;
	0EF5  :   5B;
	0EF6  :   C5;
	0EF7  :   B9;
	0EF8  :   A3;
	0EF9  :   ED;
	0EFA  :   E0;
	0EFB  :   3B;
	0EFC  :   B1;
	0EFD  :   60;
	0EFE  :   EB;
	0EFF  :   93;
	0F00  :   DE;
	0F01  :   2B;
	0F02  :   6B;
	0F03  :   16;
	0F04  :   C1;
	0F05  :   9B;
	0F06  :   BA;
	0F07  :   2A;
	0F08  :   B9;
	0F09  :   C9;
	0F0A  :   F9;
	0F0B  :   8E;
	0F0C  :   E9;
	0F0D  :   30;
	0F0E  :   EB;
	0F0F  :   E5;
	0F10  :   22;
	0F11  :   AC;
	0F12  :   ED;
	0F13  :   B7;
	0F14  :   16;
	0F15  :   11;
	0F16  :   A3;
	0F17  :   90;
	0F18  :   32;
	0F19  :   C8;
	0F1A  :   A9;
	0F1B  :   CB;
	0F1C  :   AF;
	0F1D  :   F9;
	0F1E  :   C5;
	0F1F  :   C9;
	0F20  :   22;
	0F21  :   F7;
	0F22  :   AE;
	0F23  :   9C;
	0F24  :   CD;
	0F25  :   EA;
	0F26  :   1D;
	0F27  :   EE;
	0F28  :   5B;
	0F29  :   EF;
	0F2A  :   BB;
	0F2B  :   FB;
	0F2C  :   B1;
	0F2D  :   BD;
	0F2E  :   2E;
	0F2F  :   02;
	0F30  :   11;
	0F31  :   32;
	0F32  :   0E;
	0F33  :   05;
	0F34  :   72;
	0F35  :   90;
	0F36  :   D8;
	0F37  :   7E;
	0F38  :   FE;
	0F39  :   20;
	0F3A  :   CA;
	0F3B  :   46;
	0F3C  :   17;
	0F3D  :   47;
	0F3E  :   FE;
	0F3F  :   22;
	0F40  :   CA;
	0F41  :   6A;
	0F42  :   17;
	0F43  :   EF;
	0F44  :   DE;
	0F45  :   7E;
	0F46  :   17;
	0F47  :   E0;
	0F48  :   78;
	0F49  :   47;
	0F4A  :   7E;
	0F4B  :   C2;
	0F4C  :   DB;
	0F4D  :   3B;
	0F4E  :   FE;
	0F4F  :   3F;
	0F50  :   3E;
	0F51  :   97;
	0F52  :   CC;
	0F53  :   9E;
	0F54  :   C1;
	0F55  :   30;
	0F56  :   DA;
	0F57  :   1B;
	0F58  :   E7;
	0F59  :   16;
	0F5A  :   3C;
	0F5B  :   DA;
	0F5C  :   46;
	0F5D  :   17;
	0F5E  :   D5;
	0F5F  :   11;
	0F60  :   52;
	0F61  :   12;
	0F62  :   E5;
	0F63  :   C3;
	0F64  :   26;
	0F65  :   E1;
	0F66  :   09;
	0F67  :   07;
	0F68  :   15;
	0F69  :   13;
	0F6A  :   1A;
	0F6B  :   E6;
	0F6C  :   7F;
	0F6D  :   CA;
	0F6E  :   43;
	0F6F  :   17;
	0F70  :   BE;
	0F71  :   CA;
	0F72  :   37;
	0F73  :   17;
	0F74  :   F6;
	0F75  :   20;
	0F76  :   BE;
	0F77  :   C2;
	0F78  :   71;
	0F79  :   17;
	0F7A  :   1A;
	0F7B  :   B7;
	0F7C  :   F2;
	0F7D  :   23;
	0F7E  :   17;
	0F7F  :   F1;
	0F80  :   78;
	0F81  :   F6;
	0F82  :   80;
	0F83  :   C3;
	0F84  :   45;
	0F85  :   17;
	0F86  :   E1;
	0F87  :   7E;
	0F88  :   D1;
	0F89  :   23;
	0F8A  :   12;
	0F8B  :   13;
	0F8C  :   0C;
	0F8D  :   D6;
	0F8E  :   3A;
	0F8F  :   CA;
	0F90  :   54;
	0F91  :   9B;
	0F92  :   8F;
	0F93  :   49;
	0F94  :   C2;
	0F95  :   57;
	0F96  :   A0;
	0F97  :   28;
	0F98  :   7F;
	0F99  :   D6;
	0F9A  :   55;
	0F9B  :   CA;
	0F9C  :   5D;
	0F9D  :   17;
	0F9E  :   3D;
	0F9F  :   C2;
	0FA0  :   F0;
	0FA1  :   16;
	0FA2  :   49;
	0FA3  :   34;
	0FA4  :   BB;
	0FA5  :   B8;
	0FA6  :   4C;
	0FA7  :   83;
	0FA8  :   B9;
	0FA9  :   0C;
	0FAA  :   13;
	0FAB  :   C3;
	0FAC  :   61;
	0FAD  :   95;
	0FAE  :   A5;
	0FAF  :   F9;
	0FB0  :   E5;
	0FB1  :   04;
	0FB2  :   EB;
	0FB3  :   B6;
	0FB4  :   23;
	0FB5  :   F2;
	0FB6  :   75;
	0FB7  :   17;
	0FB8  :   EB;
	0FB9  :   C3;
	0FBA  :   27;
	0FBB  :   17;
	0FBC  :   21;
	0FBD  :   08;
	0FBE  :   40;
	0FBF  :   8D;
	0FC0  :   89;
	0FC1  :   AA;
	0FC2  :   12;
	0FC3  :   C9;
	0FC4  :   05;
	0FC5  :   9F;
	0FC6  :   DA;
	0FC7  :   2B;
	0FC8  :   C9;
	0FC9  :   07;
	0FCA  :   A8;
	0FCB  :   EF;
	0FCC  :   31;
	0FCD  :   E5;
	0FCE  :   C5;
	0FCF  :   21;
	0FD0  :   F7;
	0FD1  :   E1;
	0FD2  :   76;
	0FD3  :   D2;
	0FD4  :   C1;
	0FD5  :   E1;
	0FD6  :   C3;
	0FD7  :   C0;
	0FD8  :   17;
	0FD9  :   0E;
	0FDA  :   D2;
	0FDB  :   20;
	0FDC  :   22;
	0FDD  :   B2;
	0FDE  :   17;
	0FDF  :   64;
	0FE0  :   C8;
	0FE1  :   CD;
	0FE2  :   E6;
	0FE3  :   32;
	0FE4  :   C3;
	0FE5  :   B7;
	0FE6  :   17;
	0FE7  :   A2;
	0FE8  :   83;
	0FE9  :   CD;
	0FEA  :   6C;
	0FEB  :   29;
	0FEC  :   D8;
	0FED  :   4A;
	0FEE  :   36;
	0FEF  :   57;
	0FF0  :   06;
	0FF1  :   01;
	0FF2  :   CD;
	0FF3  :   68;
	0FF4  :   10;
	0FF5  :   FE;
	0FF6  :   1A;
	0FF7  :   37;
	0FF8  :   C8;
	0FF9  :   FE;
	0FFA  :   18;
	0FFB  :   CC;
	0FFC  :   FD;
	0FFD  :   17;
	0FFE  :   4F;
	0FFF  :   AA;
	1000  :   80;
	1001  :   E3;
	1002  :   0E;
	1003  :   FE;
	1004  :   0D;
	1005  :   CA;
	1006  :   F5;
	1007  :   F7;
	1008  :   AD;
	1009  :   08;
	100A  :   87;
	100B  :   A9;
	100C  :   5B;
	100D  :   20;
	100E  :   AA;
	100F  :   07;
	1010  :   DA;
	1011  :   EF;
	1012  :   78;
	1013  :   E8;
	1014  :   84;
	1015  :   F1;
	1016  :   D2;
	1017  :   83;
	1018  :   79;
	1019  :   71;
	101A  :   23;
	101B  :   04;
	101C  :   0B;
	101D  :   E6;
	101E  :   B5;
	101F  :   54;
	1020  :   E9;
	1021  :   AB;
	1022  :   0E;
	1023  :   E9;
	1024  :   36;
	1025  :   2C;
	1026  :   C9;
	1027  :   86;
	1028  :   43;
	1029  :   CD;
	102A  :   F8;
	102B  :   10;
	102C  :   D8;
	102D  :   E5;
	102E  :   21;
	102F  :   E6;
	1030  :   17;
	1031  :   85;
	1032  :   6F;
	1033  :   D2;
	1034  :   0E;
	1035  :   18;
	1036  :   24;
	1037  :   4E;
	1038  :   CD;
	1039  :   C5;
	103A  :   1B;
	103B  :   EB;
	103C  :   E1;
	103D  :   3E;
	103E  :   20;
	103F  :   E6;
	1040  :   7F;
	1041  :   77;
	1042  :   CD;
	1043  :   46;
	1044  :   10;
	1045  :   8D;
	1046  :   A3;
	1047  :   1A;
	1048  :   13;
	1049  :   8F;
	104A  :   31;
	104B  :   16;
	104C  :   18;
	104D  :   E5;
	104E  :   49;
	104F  :   B9;
	1050  :   52;
	1051  :   2B;
	1052  :   35;
	1053  :   04;
	1054  :   4C;
	1055  :   02;
	1056  :   0D;
	1057  :   30;
	1058  :   05;
	1059  :   0A;
	105A  :   2C;
	105B  :   1B;
	105C  :   41;
	105D  :   03;
	105E  :   33;
	105F  :   37;
	1060  :   21;
	1061  :   0E;
	1062  :   4F;
	1063  :   4B;
	1064  :   4D;
	1065  :   34;
	1066  :   26;
	1067  :   45;
	1068  :   42;
	1069  :   40;
	106A  :   CD;
	106B  :   B8;
	106C  :   2E;
	106D  :   0E;
	106E  :   06;
	106F  :   83;
	1070  :   4E;
	1071  :   18;
	1072  :   CD;
	1073  :   AE;
	1074  :   87;
	1075  :   F1;
	1076  :   05;
	1077  :   E6;
	1078  :   3F;
	1079  :   C3;
	107A  :   9D;
	107B  :   67;
	107C  :   C9;
	107D  :   6A;
	107E  :   18;
	107F  :   C0;
	1080  :   18;
	1081  :   79;
	1082  :   B2;
	1083  :   88;
	1084  :   00;
	1085  :   89;
	1086  :   DF;
	1087  :   2C;
	1088  :   71;
	1089  :   E8;
	108A  :   A8;
	108B  :   82;
	108C  :   1B;
	108D  :   C3;
	108E  :   5B;
	108F  :   18;
	1090  :   0E;
	1091  :   01;
	1092  :   11;
	1093  :   0E;
	1094  :   03;
	1095  :   AF;
	1096  :   D8;
	1097  :   C1;
	1098  :   33;
	1099  :   FF;
	109A  :   22;
	109B  :   C9;
	109C  :   94;
	109D  :   D7;
	109E  :   85;
	109F  :   E9;
	10A0  :   FA;
	10A1  :   0E;
	10A2  :   1C;
	10A3  :   23;
	10A4  :   C3;
	10A5  :   76;
	10A6  :   00;
	10A7  :   FE;
	10A8  :   23;
	10A9  :   CA;
	10AA  :   7F;
	10AB  :   18;
	10AC  :   6E;
	10AD  :   07;
	10AE  :   0B;
	10AF  :   98;
	10B0  :   F4;
	10B1  :   FA;
	10B2  :   83;
	10B3  :   0D;
	10B4  :   75;
	10B5  :   1C;
	10B6  :   7B;
	10B7  :   C1;
	10B8  :   56;
	10B9  :   1B;
	10BA  :   22;
	10BB  :   4E;
	10BC  :   18;
	10BD  :   07;
	10BE  :   C4;
	10BF  :   7D;
	10C0  :   1C;
	10C1  :   4B;
	10C2  :   C3;
	10C3  :   8B;
	10C4  :   00;
	10C5  :   1E;
	10C6  :   07;
	10C7  :   AD;
	10C8  :   EE;
	10C9  :   D5;
	10CA  :   5A;
	10CB  :   1C;
	10CC  :   5E;
	10CD  :   78;
	10CE  :   1C;
	10CF  :   C1;
	10D0  :   41;
	10D1  :   4B;
	10D2  :   CD;
	10D3  :   7C;
	10D4  :   6E;
	10D5  :   8A;
	10D6  :   3B;
	10D7  :   C0;
	10D8  :   4B;
	10D9  :   7C;
	10DA  :   1C;
	10DB  :   C3;
	10DC  :   B0;
	10DD  :   18;
	10DE  :   2A;
	10DF  :   4D;
	10E0  :   F9;
	10E1  :   46;
	10E2  :   B8;
	10E3  :   30;
	10E4  :   A3;
	10E5  :   92;
	10E6  :   CC;
	10E7  :   91;
	10E8  :   A9;
	10E9  :   61;
	10EA  :   AC;
	10EB  :   EC;
	10EC  :   7D;
	10ED  :   19;
	10EE  :   F5;
	10EF  :   33;
	10F0  :   C4;
	10F1  :   78;
	10F2  :   C7;
	10F3  :   F7;
	10F4  :   4E;
	10F5  :   CC;
	10F6  :   53;
	10F7  :   18;
	10F8  :   F1;
	10F9  :   C2;
	10FA  :   16;
	10FB  :   19;
	10FC  :   CD;
	10FD  :   0C;
	10FE  :   1A;
	10FF  :   B4;
	1100  :   C3;
	1101  :   A5;
	1102  :   56;
	1103  :   2C;
	1104  :   9A;
	1105  :   CA;
	1106  :   07;
	1107  :   19;
	1108  :   72;
	1109  :   5C;
	110A  :   14;
	110B  :   D5;
	110C  :   38;
	110D  :   B2;
	110E  :   D1;
	110F  :   FC;
	1110  :   D2;
	1111  :   03;
	1112  :   4A;
	1113  :   C3;
	1114  :   1C;
	1115  :   1A;
	1116  :   21;
	1117  :   52;
	1118  :   42;
	1119  :   B5;
	111A  :   C6;
	111B  :   6D;
	111C  :   18;
	111D  :   AA;
	111E  :   86;
	111F  :   C3;
	1120  :   E2;
	1121  :   14;
	1122  :   95;
	1123  :   CA;
	1124  :   E6;
	1125  :   D4;
	1126  :   68;
	1127  :   D8;
	1128  :   0D;
	1129  :   5D;
	112A  :   19;
	112B  :   26;
	112C  :   41;
	112D  :   E3;
	112E  :   FE;
	112F  :   42;
	1130  :   C4;
	1131  :   5D;
	1132  :   57;
	1133  :   2E;
	1134  :   F6;
	1135  :   82;
	1136  :   95;
	1137  :   E9;
	1138  :   11;
	1139  :   40;
	113A  :   03;
	113B  :   CD;
	113C  :   74;
	113D  :   19;
	113E  :   FE;
	113F  :   F6;
	1140  :   C2;
	1141  :   2E;
	1142  :   19;
	1143  :   15;
	1144  :   C2;
	1145  :   31;
	1146  :   19;
	1147  :   E8;
	1148  :   EF;
	1149  :   47;
	114A  :   0E;
	114B  :   04;
	114C  :   F4;
	114D  :   0D;
	114E  :   56;
	114F  :   CB;
	1150  :   4D;
	1151  :   41;
	1152  :   19;
	1153  :   0D;
	1154  :   C2;
	1155  :   43;
	1156  :   19;
	1157  :   A0;
	1158  :   FE;
	1159  :   F8;
	115A  :   E1;
	115B  :   6B;
	115C  :   23;
	115D  :   70;
	115E  :   72;
	115F  :   C9;
	1160  :   8F;
	1161  :   20;
	1162  :   4F;
	1163  :   D4;
	1164  :   00;
	1165  :   D7;
	1166  :   11;
	1167  :   FF;
	1168  :   59;
	1169  :   BE;
	116A  :   10;
	116B  :   8B;
	116C  :   C2;
	116D  :   64;
	116E  :   B5;
	116F  :   D0;
	1170  :   4D;
	1171  :   AF;
	1172  :   47;
	1173  :   00;
	1174  :   B2;
	1175  :   1E;
	1176  :   CB;
	1177  :   F7;
	1178  :   C1;
	1179  :   57;
	117A  :   C1;
	117B  :   29;
	117C  :   AF;
	117D  :   91;
	117E  :   D5;
	117F  :   3A;
	1180  :   EF;
	1181  :   F1;
	1182  :   94;
	1183  :   27;
	1184  :   C9;
	1185  :   CA;
	1186  :   9D;
	1187  :   61;
	1188  :   92;
	1189  :   A3;
	118A  :   5F;
	118B  :   68;
	118C  :   98;
	118D  :   0D;
	118E  :   C2;
	118F  :   A8;
	1190  :   19;
	1191  :   3E;
	1192  :   50;
	1193  :   C3;
	1194  :   2A;
	1195  :   1B;
	1196  :   AE;
	1197  :   DC;
	1198  :   A0;
	1199  :   C9;
	119A  :   C5;
	119B  :   CD;
	119C  :   B6;
	119D  :   B7;
	119E  :   F1;
	119F  :   46;
	11A0  :   B6;
	11A1  :   88;
	11A2  :   FB;
	11A3  :   AB;
	11A4  :   47;
	11A5  :   C8;
	11A6  :   DA;
	11A7  :   42;
	11A8  :   F9;
	11A9  :   ED;
	11AA  :   8D;
	11AB  :   11;
	11AC  :   75;
	11AD  :   D5;
	11AE  :   0A;
	11AF  :   B2;
	11B0  :   E6;
	11B1  :   DC;
	11B2  :   CF;
	11B3  :   42;
	11B4  :   3A;
	11B5  :   2F;
	11B6  :   DA;
	11B7  :   A0;
	11B8  :   13;
	11B9  :   6F;
	11BA  :   63;
	11BB  :   23;
	11BC  :   7E;
	11BD  :   F5;
	11BE  :   0E;
	11BF  :   F6;
	11C0  :   CD;
	11C1  :   A3;
	11C2  :   00;
	11C3  :   6A;
	11C4  :   AF;
	11C5  :   DD;
	11C6  :   3B;
	11C7  :   F1;
	11C8  :   4F;
	11C9  :   EE;
	11CA  :   0B;
	11CB  :   E4;
	11CC  :   0F;
	11CD  :   5C;
	11CE  :   EE;
	11CF  :   A2;
	11D0  :   C3;
	11D1  :   D5;
	11D2  :   ED;
	11D3  :   4E;
	11D4  :   DC;
	11D5  :   8F;
	11D6  :   D6;
	11D7  :   E3;
	11D8  :   5E;
	11D9  :   ED;
	11DA  :   E8;
	11DB  :   83;
	11DC  :   C3;
	11DD  :   6F;
	11DE  :   1B;
	11DF  :   E5;
	11E0  :   CD;
	11E1  :   BC;
	11E2  :   5D;
	11E3  :   07;
	11E4  :   AA;
	11E5  :   B8;
	11E6  :   B5;
	11E7  :   74;
	11E8  :   C9;
	11E9  :   3A;
	11EA  :   09;
	11EB  :   5A;
	11EC  :   A1;
	11ED  :   41;
	11EE  :   B7;
	11EF  :   C6;
	11F0  :   6D;
	11F1  :   2F;
	11F2  :   A1;
	11F3  :   00;
	11F4  :   FE;
	11F5  :   10;
	11F6  :   75;
	11F7  :   6B;
	11F8  :   7D;
	11F9  :   04;
	11FA  :   0D;
	11FB  :   EB;
	11FC  :   65;
	11FD  :   6B;
	11FE  :   CB;
	11FF  :   2B;
	1200  :   7B;
	1201  :   BD;
	1202  :   C2;
	1203  :   96;
	1204  :   1A;
	1205  :   F1;
	1206  :   8D;
	1207  :   C9;
	1208  :   8A;
	1209  :   EF;
	120A  :   CA;
	120B  :   BA;
	120C  :   E7;
	120D  :   EB;
	120E  :   F2;
	120F  :   16;
	1210  :   60;
	1211  :   83;
	1212  :   8F;
	1213  :   21;
	1214  :   C2;
	1215  :   B0;
	1216  :   0B;
	1217  :   01;
	1218  :   C0;
	1219  :   1B;
	121A  :   02;
	121B  :   AE;
	121C  :   DA;
	121D  :   C8;
	121E  :   C3;
	121F  :   39;
	1220  :   3E;
	1221  :   09;
	1222  :   F5;
	1223  :   E3;
	1224  :   E5;
	1225  :   01;
	1226  :   23;
	1227  :   CD;
	1228  :   2B;
	1229  :   77;
	122A  :   AA;
	122B  :   9A;
	122C  :   C9;
	122D  :   EB;
	122E  :   2B;
	122F  :   7E;
	1230  :   E1;
	1231  :   E0;
	1232  :   D6;
	1233  :   34;
	1234  :   2B;
	1235  :   C9;
	1236  :   E5;
	1237  :   D5;
	1238  :   55;
	1239  :   0E;
	123A  :   1D;
	123B  :   DC;
	123C  :   E8;
	123D  :   3F;
	123E  :   A8;
	123F  :   71;
	1240  :   7A;
	1241  :   95;
	1242  :   3E;
	1243  :   5F;
	1244  :   CC;
	1245  :   C6;
	1246  :   05;
	1247  :   52;
	1248  :   E1;
	1249  :   51;
	124A  :   A4;
	124B  :   23;
	124C  :   C2;
	124D  :   E9;
	124E  :   1A;
	124F  :   CD;
	1250  :   C3;
	1251  :   1B;
	1252  :   CD;
	1253  :   20;
	1254  :   1B;
	1255  :   D1;
	1256  :   E1;
	1257  :   7E;
	1258  :   87;
	1259  :   0D;
	125A  :   C0;
	125B  :   F1;
	125C  :   3A;
	125D  :   EF;
	125E  :   23;
	125F  :   CF;
	1260  :   4C;
	1261  :   18;
	1262  :   A3;
	1263  :   DC;
	1264  :   2A;
	1265  :   04;
	1266  :   C3;
	1267  :   EF;
	1268  :   81;
	1269  :   17;
	126A  :   10;
	126B  :   B1;
	126C  :   26;
	126D  :   3D;
	126E  :   FE;
	126F  :   5A;
	1270  :   FE;
	1271  :   31;
	1272  :   0E;
	1273  :   1E;
	1274  :   A1;
	1275  :   BA;
	1276  :   C5;
	1277  :   3E;
	1278  :   4C;
	1279  :   32;
	127A  :   C7;
	127B  :   40;
	127C  :   F5;
	127D  :   5E;
	127E  :   A0;
	127F  :   60;
	1280  :   BA;
	1281  :   C4;
	1282  :   84;
	1283  :   1E;
	1284  :   EB;
	1285  :   36;
	1286  :   74;
	1287  :   D1;
	1288  :   C1;
	1289  :   21;
	128A  :   D6;
	128B  :   AB;
	128C  :   8F;
	128D  :   C5;
	128E  :   03;
	128F  :   F4;
	1290  :   57;
	1291  :   75;
	1292  :   2C;
	1293  :   B7;
	1294  :   C1;
	1295  :   FE;
	1296  :   83;
	1297  :   DB;
	1298  :   08;
	1299  :   13;
	129A  :   7D;
	129B  :   B4;
	129C  :   E1;
	129D  :   CA;
	129E  :   5E;
	129F  :   1B;
	12A0  :   78;
	12A1  :   B1;
	12A2  :   C2;
	12A3  :   7C;
	12A4  :   07;
	12A5  :   DC;
	12A6  :   E7;
	12A7  :   8D;
	12A8  :   50;
	12A9  :   47;
	12AA  :   3A;
	12AB  :   D6;
	12AC  :   8B;
	12AD  :   C7;
	12AE  :   12;
	12AF  :   C0;
	12B0  :   B8;
	12B1  :   C2;
	12B2  :   66;
	12B3  :   10;
	12B4  :   CD;
	12B5  :   85;
	12B6  :   00;
	12B7  :   3A;
	12B8  :   33;
	12B9  :   B4;
	12BA  :   32;
	12BB  :   E8;
	12BC  :   2B;
	12BD  :   64;
	12BE  :   C4;
	12BF  :   C9;
	12C0  :   C5;
	12C1  :   EB;
	12C2  :   52;
	12C3  :   F4;
	12C4  :   AD;
	12C5  :   88;
	12C6  :   E3;
	12C7  :   5A;
	12C8  :   4A;
	12C9  :   53;
	12CA  :   21;
	12CB  :   40;
	12CC  :   50;
	12CD  :   B4;
	12CE  :   C2;
	12CF  :   92;
	12D0  :   1B;
	12D1  :   CC;
	12D2  :   26;
	12D3  :   41;
	12D4  :   3A;
	12D5  :   69;
	12D6  :   1B;
	12D7  :   23;
	12D8  :   17;
	12D9  :   E7;
	12DA  :   5D;
	12DB  :   79;
	12DC  :   67;
	12DD  :   1D;
	12DE  :   1B;
	12DF  :   2E;
	12E0  :   E9;
	12E1  :   58;
	12E2  :   A9;
	12E3  :   F7;
	12E4  :   A9;
	12E5  :   1B;
	12E6  :   43;
	12E7  :   8F;
	12E8  :   53;
	12E9  :   71;
	12EA  :   08;
	12EB  :   B7;
	12EC  :   1D;
	12ED  :   46;
	12EE  :   1B;
	12EF  :   F2;
	12F0  :   A6;
	12F1  :   1B;
	12F2  :   D6;
	12F3  :   7F;
	12F4  :   4F;
	12F5  :   E5;
	12F6  :   5B;
	12F7  :   B2;
	12F8  :   9E;
	12F9  :   E1;
	12FA  :   FA;
	12FB  :   A5;
	12FC  :   1B;
	12FD  :   D0;
	12FE  :   C2;
	12FF  :   81;
	1300  :   4D;
	1301  :   B9;
	1302  :   1B;
	1303  :   11;
	1304  :   53;
	1305  :   12;
	1306  :   D5;
	1307  :   5E;
	1308  :   AA;
	1309  :   57;
	130A  :   C9;
	130B  :   1B;
	130C  :   0D;
	130D  :   E1;
	130E  :   C2;
	130F  :   C8;
	1310  :   1B;
	1311  :   C9;
	1312  :   EB;
	1313  :   CD;
	1314  :   B8;
	1315  :   29;
	1316  :   C3;
	1317  :   40;
	1318  :   1C;
	1319  :   0B;
	131A  :   5C;
	131B  :   51;
	131C  :   D7;
	131D  :   8B;
	131E  :   4D;
	131F  :   9D;
	1320  :   E5;
	1321  :   B6;
	1322  :   1D;
	1323  :   47;
	1324  :   28;
	1325  :   58;
	1326  :   D0;
	1327  :   78;
	1328  :   E5;
	1329  :   28;
	132A  :   6E;
	132B  :   AA;
	132C  :   54;
	132D  :   3D;
	132E  :   58;
	132F  :   5C;
	1330  :   B9;
	1331  :   3C;
	1332  :   FE;
	1333  :   59;
	1334  :   CA;
	1335  :   BF;
	1336  :   3C;
	1337  :   6D;
	1338  :   F0;
	1339  :   22;
	133A  :   5D;
	133B  :   F4;
	133C  :   2D;
	133D  :   80;
	133E  :   B9;
	133F  :   E1;
	1340  :   2B;
	1341  :   DA;
	1342  :   11;
	1343  :   1C;
	1344  :   CD;
	1345  :   18;
	1346  :   1C;
	1347  :   69;
	1348  :   E8;
	1349  :   09;
	134A  :   1C;
	134B  :   2B;
	134C  :   EE;
	134D  :   E2;
	134E  :   C3;
	134F  :   1F;
	1350  :   E3;
	1351  :   97;
	1352  :   25;
	1353  :   C6;
	1354  :   31;
	1355  :   0C;
	1356  :   C9;
	1357  :   C2;
	1358  :   B5;
	1359  :   21;
	135A  :   5A;
	135B  :   3C;
	135C  :   58;
	135D  :   21;
	135E  :   C9;
	135F  :   D5;
	1360  :   21;
	1361  :   D2;
	1362  :   40;
	1363  :   7E;
	1364  :   9E;
	1365  :   C3;
	1366  :   32;
	1367  :   2B;
	1368  :   65;
	1369  :   7A;
	136A  :   52;
	136B  :   1C;
	136C  :   E5;
	136D  :   94;
	136E  :   79;
	136F  :   C3;
	1370  :   44;
	1371  :   1C;
	1372  :   EA;
	1373  :   8D;
	1374  :   48;
	1375  :   1C;
	1376  :   D0;
	1377  :   BB;
	1378  :   71;
	1379  :   ED;
	137A  :   79;
	137B  :   FA;
	137C  :   75;
	137D  :   AF;
	137E  :   06;
	137F  :   98;
	1380  :   C3;
	1381  :   4E;
	1382  :   31;
	1383  :   CD;
	1384  :   6D;
	1385  :   B6;
	1386  :   5F;
	1387  :   87;
	1388  :   C7;
	1389  :   1D;
	138A  :   5B;
	138B  :   3B;
	138C  :   67;
	138D  :   F0;
	138E  :   23;
	138F  :   D3;
	1390  :   21;
	1391  :   6E;
	1392  :   8E;
	1393  :   B5;
	1394  :   C5;
	1395  :   2A;
	1396  :   E5;
	1397  :   37;
	1398  :   7D;
	1399  :   4D;
	139A  :   CF;
	139B  :   1A;
	139C  :   AE;
	139D  :   CC;
	139E  :   0A;
	139F  :   DD;
	13A0  :   5D;
	13A1  :   33;
	13A2  :   5A;
	13A3  :   88;
	13A4  :   AD;
	13A5  :   2C;
	13A6  :   23;
	13A7  :   21;
	13A8  :   2F;
	13A9  :   C9;
	13AA  :   CD;
	13AB  :   5D;
	13AC  :   27;
	13AD  :   3A;
	13AE  :   C4;
	13AF  :   C7;
	13B0  :   2D;
	13B1  :   91;
	13B2  :   DA;
	13B3  :   E2;
	13B4  :   31;
	13B5  :   1E;
	13B6  :   0A;
	13B7  :   56;
	13B8  :   41;
	13B9  :   B8;
	13BA  :   E7;
	13BB  :   39;
	13BC  :   B0;
	13BD  :   03;
	13BE  :   10;
	13BF  :   EE;
	13C0  :   31;
	13C1  :   79;
	13C2  :   2B;
	13C3  :   B4;
	13C4  :   C2;
	13C5  :   BE;
	13C6  :   8D;
	13C7  :   DA;
	13C8  :   AF;
	13C9  :   94;
	13CA  :   E9;
	13CB  :   E8;
	13CC  :   F7;
	13CD  :   10;
	13CE  :   D8;
	13CF  :   D6;
	13D0  :   41;
	13D1  :   FE;
	13D2  :   06;
	13D3  :   D0;
	13D4  :   C6;
	13D5  :   3A;
	13D6  :   D6;
	13D7  :   30;
	13D8  :   EB;
	13D9  :   29;
	13DA  :   FE;
	13DB  :   76;
	13DC  :   B5;
	13DD  :   6F;
	13DE  :   EB;
	13DF  :   C3;
	13E0  :   9E;
	13E1  :   41;
	13E2  :   6D;
	13E3  :   82;
	13E4  :   1C;
	13E5  :   1A;
	13E6  :   E2;
	13E7  :   ED;
	13E8  :   1E;
	13E9  :   15;
	13EA  :   A2;
	13EB  :   AE;
	13EC  :   2E;
	13ED  :   D1;
	13EE  :   12;
	13EF  :   C9;
	13F0  :   3E;
	13F1  :   64;
	13F2  :   32;
	13F3  :   AC;
	13F4  :   40;
	13F5  :   CD;
	13F6  :   20;
	13F7  :   22;
	13F8  :   E3;
	13F9  :   CD;
	13FA  :   17;
	13FB  :   11;
	13FC  :   D1;
	13FD  :   C2;
	13FE  :   DF;
	13FF  :   1C;
	1400  :   09;
	1401  :   F9;
	1402  :   CD;
	1403  :   3A;
	1404  :   B6;
	1405  :   08;
	1406  :   B9;
	1407  :   F5;
	1408  :   06;
	1409  :   DB;
	140A  :   AE;
	140B  :   C5;
	140C  :   B3;
	140D  :   D1;
	140E  :   50;
	140F  :   BB;
	1410  :   4A;
	1411  :   27;
	1412  :   CD;
	1413  :   C5;
	1414  :   1D;
	1415  :   C6;
	1416  :   CD;
	1417  :   47;
	1418  :   27;
	1419  :   E5;
	141A  :   CD;
	141B  :   83;
	141C  :   31;
	141D  :   E1;
	141E  :   C5;
	141F  :   D5;
	1420  :   01;
	1421  :   00;
	1422  :   81;
	1423  :   51;
	1424  :   5A;
	1425  :   7E;
	1426  :   FE;
	1427  :   CE;
	1428  :   3E;
	1429  :   01;
	142A  :   C2;
	142B  :   1A;
	142C  :   24;
	142D  :   D9;
	142E  :   CC;
	142F  :   E3;
	1430  :   CD;
	1431  :   37;
	1432  :   31;
	1433  :   C7;
	1434  :   F5;
	1435  :   33;
	1436  :   A2;
	1437  :   97;
	1438  :   AF;
	1439  :   4C;
	143A  :   06;
	143B  :   81;
	143C  :   C5;
	143D  :   33;
	143E  :   3A;
	143F  :   C8;
	1440  :   5B;
	1441  :   F6;
	1442  :   02;
	1443  :   C3;
	1444  :   EA;
	1445  :   FB;
	1446  :   DF;
	1447  :   CB;
	1448  :   C9;
	1449  :   F3;
	144A  :   EF;
	144B  :   35;
	144C  :   FF;
	144D  :   E1;
	144E  :   B7;
	144F  :   CC;
	1450  :   C4;
	1451  :   20;
	1452  :   B9;
	1453  :   88;
	1454  :   8B;
	1455  :   3B;
	1456  :   CB;
	1457  :   CC;
	1458  :   08;
	1459  :   22;
	145A  :   FE;
	145B  :   90;
	145C  :   F6;
	145D  :   12;
	145E  :   0E;
	145F  :   F1;
	1460  :   E5;
	1461  :   34;
	1462  :   F9;
	1463  :   B0;
	1464  :   9B;
	1465  :   B7;
	1466  :   AC;
	1467  :   02;
	1468  :   23;
	1469  :   0B;
	146A  :   82;
	146B  :   58;
	146C  :   A1;
	146D  :   73;
	146E  :   2C;
	146F  :   1E;
	1470  :   5E;
	1471  :   23;
	1472  :   56;
	1473  :   EF;
	1474  :   8E;
	1475  :   0F;
	1476  :   3A;
	1477  :   E0;
	1478  :   83;
	1479  :   E8;
	147A  :   EB;
	147B  :   CA;
	147C  :   35;
	147D  :   E5;
	147E  :   EB;
	147F  :   3E;
	1480  :   5B;
	1481  :   B5;
	1482  :   98;
	1483  :   A3;
	1484  :   24;
	1485  :   3E;
	1486  :   5D;
	1487  :   BB;
	1488  :   F0;
	1489  :   D2;
	148A  :   8D;
	148B  :   0B;
	148C  :   C2;
	148D  :   90;
	148E  :   2B;
	148F  :   37;
	1490  :   7B;
	1491  :   10;
	1492  :   EB;
	1493  :   91;
	1494  :   F0;
	1495  :   32;
	1496  :   87;
	[1497..1498]  :   E1;
	1499  :   11;
	149A  :   27;
	149B  :   1D;
	149C  :   D5;
	149D  :   2B;
	149E  :   67;
	149F  :   D1;
	14A0  :   68;
	14A1  :   E6;
	14A2  :   7D;
	14A3  :   C8;
	14A4  :   D6;
	14A5  :   80;
	14A6  :   DA;
	14A7  :   20;
	14A8  :   47;
	14A9  :   17;
	14AA  :   A3;
	14AB  :   9D;
	14AC  :   61;
	14AD  :   07;
	14AE  :   4F;
	14AF  :   06;
	[14B0..14B1]  :   71;
	14B2  :   5C;
	14B3  :   71;
	14B4  :   1C;
	14B5  :   7F;
	14B6  :   46;
	14B7  :   E0;
	14B8  :   B4;
	14B9  :   C5;
	14BA  :   EB;
	14BB  :   07;
	14BC  :   2E;
	14BD  :   D0;
	14BE  :   06;
	14BF  :   6E;
	14C0  :   E1;
	14C1  :   BB;
	14C2  :   7F;
	14C3  :   FE;
	14C4  :   30;
	14C5  :   3F;
	14C6  :   3C;
	14C7  :   3D;
	14C8  :   C9;
	14C9  :   7E;
	14CA  :   E3;
	14CB  :   BE;
	14CC  :   23;
	14CD  :   E3;
	14CE  :   E5;
	14CF  :   71;
	14D0  :   4A;
	14D1  :   98;
	14D2  :   E2;
	14D3  :   EA;
	14D4  :   F5;
	14D5  :   9A;
	14D6  :   25;
	14D7  :   71;
	14D8  :   AE;
	14D9  :   A8;
	14DA  :   2B;
	14DB  :   78;
	14DC  :   C6;
	14DD  :   C3;
	14DE  :   A5;
	14DF  :   14;
	14E0  :   A9;
	14E1  :   D1;
	14E2  :   60;
	14E3  :   69;
	14E4  :   C3;
	14E5  :   EE;
	14E6  :   1D;
	14E7  :   EB;
	14E8  :   00;
	14E9  :   AB;
	14EA  :   BF;
	14EB  :   EB;
	14EC  :   56;
	14ED  :   49;
	14EE  :   A3;
	14EF  :   7F;
	14F0  :   B7;
	14F1  :   C8;
	14F2  :   5C;
	14F3  :   3F;
	14F4  :   42;
	14F5  :   04;
	14F6  :   C1;
	14F7  :   6C;
	14F8  :   D6;
	14F9  :   16;
	14FA  :   FE;
	14FB  :   97;
	14FC  :   15;
	14FD  :   1E;
	14FE  :   FE;
	14FF  :   13;
	1500  :   C0;
	1501  :   3A;
	1502  :   D1;
	1503  :   A9;
	1504  :   EB;
	1505  :   0A;
	1506  :   E1;
	1507  :   F9;
	1508  :   1D;
	1509  :   C4;
	150A  :   85;
	150B  :   D2;
	150C  :   C0;
	150D  :   3D;
	150E  :   C3;
	150F  :   28;
	1510  :   1E;
	1511  :   A8;
	1512  :   8A;
	1513  :   D3;
	1514  :   21;
	1515  :   A7;
	1516  :   46;
	1517  :   41;
	1518  :   28;
	1519  :   B7;
	151A  :   F6;
	151B  :   DA;
	151C  :   44;
	151D  :   8D;
	151E  :   C1;
	151F  :   F5;
	1520  :   42;
	1521  :   82;
	1522  :   88;
	1523  :   7D;
	1524  :   A4;
	1525  :   8A;
	1526  :   3F;
	1527  :   1E;
	1528  :   B3;
	1529  :   B5;
	152A  :   CD;
	152B  :   02;
	152C  :   0C;
	152D  :   D5;
	152E  :   79;
	152F  :   22;
	1530  :   75;
	1531  :   F1;
	1532  :   21;
	1533  :   16;
	1534  :   14;
	1535  :   C2;
	1536  :   E8;
	1537  :   14;
	1538  :   28;
	1539  :   5A;
	153A  :   39;
	153B  :   C0;
	153C  :   1E;
	153D  :   20;
	153E  :   2A;
	153F  :   DB;
	1540  :   D7;
	1541  :   7C;
	1542  :   B5;
	1543  :   CC;
	1544  :   71;
	1545  :   F7;
	1546  :   27;
	1547  :   BD;
	1548  :   11;
	1549  :   B2;
	154A  :   28;
	154B  :   58;
	154C  :   72;
	154D  :   62;
	154E  :   9D;
	154F  :   FC;
	1550  :   7F;
	1551  :   1E;
	1552  :   7A;
	1553  :   2C;
	1554  :   90;
	1555  :   67;
	1556  :   01;
	1557  :   80;
	1558  :   90;
	1559  :   58;
	155A  :   48;
	155B  :   87;
	155C  :   31;
	155D  :   51;
	155E  :   C8;
	155F  :   1E;
	1560  :   08;
	1561  :   5C;
	1562  :   17;
	1563  :   D7;
	1564  :   A7;
	1565  :   2A;
	1566  :   24;
	1567  :   D4;
	1568  :   D0;
	1569  :   E5;
	156A  :   F5;
	156B  :   21;
	156C  :   63;
	156D  :   19;
	156E  :   26;
	156F  :   76;
	1570  :   0E;
	1571  :   62;
	1572  :   6B;
	1573  :   19;
	1574  :   29;
	1575  :   FD;
	1576  :   5D;
	1577  :   F1;
	1578  :   D6;
	1579  :   30;
	157A  :   5F;
	157B  :   16;
	157C  :   00;
	157D  :   19;
	157E  :   37;
	157F  :   93;
	1580  :   1D;
	1581  :   76;
	1582  :   23;
	1583  :   9B;
	1584  :   13;
	1585  :   B7;
	1586  :   1D;
	1587  :   C3;
	1588  :   8C;
	1589  :   1E;
	158A  :   CA;
	158B  :   E7;
	158C  :   1E;
	158D  :   CD;
	[158E..158F]  :   63;
	1590  :   48;
	1591  :   49;
	1592  :   7B;
	1593  :   0D;
	1594  :   CC;
	1595  :   EA;
	1596  :   1E;
	1597  :   B7;
	1598  :   C0;
	1599  :   7B;
	159A  :   E6;
	159B  :   E0;
	159C  :   B2;
	159D  :   CC;
	159E  :   AA;
	159F  :   14;
	15A0  :   70;
	15A1  :   CB;
	15A2  :   1A;
	15A3  :   96;
	15A4  :   7B;
	15A5  :   1E;
	15A6  :   1F;
	15A7  :   EB;
	15A8  :   86;
	15A9  :   46;
	15AA  :   70;
	15AB  :   8A;
	15AC  :   01;
	15AD  :   28;
	15AE  :   D5;
	15AF  :   09;
	15B0  :   3F;
	15B1  :   88;
	15B2  :   D1;
	15B3  :   2B;
	15B4  :   01;
	15B5  :   B9;
	15B6  :   09;
	15B7  :   77;
	15B8  :   AC;
	15B9  :   A7;
	15BA  :   16;
	15BB  :   D5;
	15BC  :   7C;
	15BD  :   70;
	15BE  :   F1;
	15BF  :   18;
	15C0  :   42;
	15C1  :   9F;
	15C2  :   21;
	15C3  :   6F;
	15C4  :   CE;
	15C5  :   36;
	15C6  :   FA;
	15C7  :   CB;
	15C8  :   A2;
	15C9  :   F1;
	15CA  :   22;
	15CB  :   97;
	15CC  :   8D;
	15CD  :   BF;
	15CE  :   12;
	15CF  :   1F;
	15D0  :   13;
	15D1  :   96;
	15D2  :   D6;
	15D3  :   D4;
	15D4  :   85;
	15D5  :   31;
	15D6  :   E1;
	15D7  :   D1;
	15D8  :   7E;
	15D9  :   C9;
	15DA  :   45;
	15DB  :   4E;
	15DC  :   44;
	15DD  :   20;
	15DE  :   4F;
	15DF  :   46;
	15E0  :   20;
	15E1  :   52;
	15E2  :   41;
	15E3  :   4D;
	15E4  :   A0;
	15E5  :   00;
	15E6  :   7D;
	15E7  :   93;
	15E8  :   6F;
	15E9  :   7C;
	15EA  :   9A;
	15EB  :   67;
	15EC  :   ED;
	15ED  :   98;
	15EE  :   C4;
	15EF  :   3B;
	15F0  :   36;
	15F1  :   71;
	15F2  :   8E;
	15F3  :   F8;
	15F4  :   5F;
	15F5  :   8C;
	15F6  :   E2;
	15F7  :   7A;
	15F8  :   45;
	15F9  :   F8;
	15FA  :   AC;
	15FB  :   04;
	15FC  :   EB;
	15FD  :   B1;
	15FE  :   42;
	15FF  :   EF;
	1600  :   49;
	1601  :   3F;
	1602  :   25;
	1603  :   37;
	1604  :   51;
	1605  :   8F;
	1606  :   C6;
	1607  :   D5;
	1608  :   F2;
	1609  :   DC;
	160A  :   21;
	160B  :   FD;
	160C  :   D1;
	160D  :   F3;
	160E  :   3D;
	160F  :   F5;
	1610  :   EA;
	1611  :   A5;
	1612  :   A0;
	1613  :   CE;
	1614  :   79;
	1615  :   B0;
	1616  :   CA;
	1617  :   9D;
	1618  :   1F;
	1619  :   23;
	161A  :   C5;
	161B  :   DB;
	161C  :   A2;
	161D  :   8E;
	161E  :   4E;
	161F  :   73;
	1620  :   E1;
	1621  :   79;
	1622  :   72;
	1623  :   D5;
	1624  :   2A;
	1625  :   AD;
	1626  :   75;
	1627  :   71;
	1628  :   2B;
	1629  :   70;
	162A  :   2B;
	162B  :   73;
	162C  :   2B;
	162D  :   72;
	162E  :   A3;
	162F  :   DF;
	1630  :   A6;
	1631  :   78;
	1632  :   A2;
	1633  :   96;
	1634  :   F8;
	1635  :   FF;
	1636  :   3A;
	1637  :   D1;
	1638  :   2A;
	1639  :   45;
	163A  :   19;
	163B  :   A2;
	163C  :   04;
	163D  :   75;
	163E  :   C3;
	163F  :   60;
	1640  :   1F;
	1641  :   B4;
	1642  :   9C;
	1643  :   5E;
	1644  :   34;
	1645  :   27;
	1646  :   6D;
	1647  :   20;
	1648  :   4A;
	1649  :   D9;
	164A  :   E4;
	164B  :   D4;
	164C  :   E3;
	164D  :   F8;
	164E  :   A0;
	164F  :   1F;
	1650  :   4A;
	1651  :   36;
	1652  :   28;
	1653  :   A9;
	1654  :   1F;
	1655  :   D9;
	1656  :   F2;
	1657  :   AD;
	1658  :   97;
	1659  :   ED;
	165A  :   EC;
	165B  :   1F;
	165C  :   C2;
	165D  :   F5;
	165E  :   E5;
	165F  :   68;
	1660  :   2C;
	1661  :   C0;
	1662  :   42;
	1663  :   4B;
	1664  :   6B;
	1665  :   BF;
	1666  :   D1;
	1667  :   BC;
	1668  :   E9;
	1669  :   D5;
	166A  :   E7;
	166B  :   57;
	166C  :   EB;
	166D  :   67;
	166E  :   77;
	166F  :   D4;
	1670  :   31;
	1671  :   20;
	1672  :   54;
	1673  :   FB;
	1674  :   94;
	1675  :   DE;
	1676  :   26;
	1677  :   B2;
	1678  :   F5;
	1679  :   C2;
	167A  :   A1;
	167B  :   6E;
	167C  :   4B;
	167D  :   C2;
	167E  :   8F;
	167F  :   6E;
	1680  :   93;
	1681  :   C2;
	1682  :   F4;
	1683  :   72;
	1684  :   87;
	1685  :   FE;
	1686  :   88;
	1687  :   C8;
	1688  :   FE;
	1689  :   8C;
	168A  :   A2;
	168B  :   FB;
	168C  :   CA;
	168D  :   8A;
	168E  :   CB;
	168F  :   F6;
	1690  :   28;
	1691  :   B0;
	1692  :   9D;
	1693  :   8B;
	1694  :   C9;
	1695  :   2A;
	1696  :   EB;
	1697  :   EE;
	1698  :   B9;
	1699  :   68;
	169A  :   F6;
	169B  :   4E;
	169C  :   37;
	169D  :   C8;
	169E  :   7E;
	169F  :   B9;
	16A0  :   2B;
	16A1  :   C2;
	16A2  :   26;
	16A3  :   20;
	16A4  :   7E;
	16A5  :   B8;
	16A6  :   F6;
	16A7  :   97;
	16A8  :   2B;
	16A9  :   4E;
	16AA  :   2B;
	16AB  :   46;
	16AC  :   AF;
	16AD  :   C9;
	16AE  :   2B;
	16AF  :   C4;
	16B0  :   FF;
	16B1  :   E5;
	16B2  :   AA;
	16B3  :   E1;
	16B4  :   15;
	16B5  :   20;
	16B6  :   37;
	16B7  :   C9;
	16B8  :   D5;
	16B9  :   50;
	16BA  :   59;
	16BB  :   1D;
	16BC  :   4A;
	16BD  :   4C;
	16BE  :   1C;
	16BF  :   CD;
	16C0  :   EE;
	16C1  :   32;
	16C2  :   D1;
	16C3  :   E1;
	16C4  :   01;
	16C5  :   D3;
	16C6  :   40;
	16C7  :   0A;
	16C8  :   77;
	16C9  :   03;
	16CA  :   0A;
	16CB  :   B7;
	16CC  :   CA;
	16CD  :   64;
	16CE  :   20;
	16CF  :   23;
	16D0  :   7D;
	16D1  :   BB;
	16D2  :   C2;
	16D3  :   DB;
	16D4  :   20;
	16D5  :   6C;
	16D6  :   43;
	16D7  :   CF;
	16D8  :   C5;
	16D9  :   F9;
	16DA  :   F8;
	16DB  :   82;
	16DC  :   9E;
	16DD  :   AB;
	16DE  :   55;
	16DF  :   13;
	16E0  :   47;
	16E1  :   F1;
	16E2  :   E2;
	[16E3..16E4]  :   C8;
	16E5  :   36;
	16E6  :   BD;
	16E7  :   C3;
	16E8  :   B7;
	16E9  :   06;
	16EA  :   8A;
	16EB  :   58;
	16EC  :   96;
	16ED  :   03;
	16EE  :   10;
	16EF  :   24;
	16F0  :   7F;
	16F1  :   20;
	16F2  :   83;
	16F3  :   73;
	16F4  :   20;
	16F5  :   C2;
	16F6  :   95;
	16F7  :   AD;
	16F8  :   BD;
	[16F9..16FA]  :   43;
	16FB  :   D3;
	16FC  :   4D;
	16FD  :   9D;
	16FE  :   6E;
	16FF  :   A5;
	1700  :   01;
	1701  :   F5;
	1702  :   77;
	1703  :   C3;
	1704  :   FF;
	1705  :   20;
	1706  :   9D;
	1707  :   51;
	1708  :   EA;
	1709  :   5F;
	170A  :   F7;
	170B  :   A1;
	170C  :   B6;
	170D  :   E9;
	170E  :   36;
	170F  :   D4;
	1710  :   A3;
	1711  :   5D;
	1712  :   C9;
	1713  :   67;
	1714  :   5E;
	1715  :   0B;
	1716  :   3C;
	1717  :   5B;
	1718  :   64;
	1719  :   AD;
	171A  :   DF;
	171B  :   CB;
	171C  :   5D;
	171D  :   EB;
	171E  :   37;
	171F  :   39;
	1720  :   91;
	1721  :   D5;
	1722  :   CF;
	1723  :   E4;
	1724  :   2E;
	1725  :   86;
	1726  :   03;
	1727  :   C1;
	1728  :   01;
	1729  :   27;
	172A  :   1D;
	172B  :   E5;
	172C  :   0B;
	172D  :   3E;
	172E  :   8C;
	172F  :   F5;
	1730  :   33;
	1731  :   2A;
	1732  :   9B;
	1733  :   C8;
	1734  :   7A;
	1735  :   C3;
	1736  :   C7;
	1737  :   21;
	1738  :   D5;
	1739  :   3C;
	173A  :   8E;
	173B  :   C5;
	173C  :   3E;
	173D  :   E6;
	173E  :   3E;
	173F  :   89;
	1740  :   B2;
	1741  :   AE;
	1742  :   06;
	1743  :   B8;
	1744  :   6A;
	1745  :   16;
	1746  :   8C;
	1747  :   D5;
	1748  :   29;
	1749  :   6C;
	174A  :   70;
	174B  :   DA;
	174C  :   B5;
	174D  :   21;
	174E  :   3E;
	174F  :   B6;
	1750  :   32;
	1751  :   AE;
	1752  :   72;
	1753  :   0A;
	1754  :   C2;
	1755  :   D5;
	1756  :   A4;
	1757  :   8D;
	1758  :   7E;
	1759  :   4F;
	175A  :   61;
	175B  :   95;
	175C  :   BA;
	175D  :   B6;
	175E  :   CC;
	175F  :   CE;
	1760  :   21;
	1761  :   23;
	1762  :   24;
	1763  :   E0;
	1764  :   3A;
	1765  :   CD;
	1766  :   ED;
	1767  :   BE;
	1768  :   C2;
	1769  :   13;
	176A  :   21;
	176B  :   EC;
	176C  :   0C;
	176D  :   39;
	176E  :   4A;
	176F  :   08;
	1770  :   7B;
	1771  :   CA;
	1772  :   3D;
	1773  :   21;
	1774  :   E3;
	1775  :   12;
	1776  :   D8;
	1777  :   CB;
	1778  :   4F;
	1779  :   75;
	177A  :   2D;
	177B  :   21;
	177C  :   1B;
	177D  :   13;
	177E  :   1A;
	177F  :   68;
	1780  :   F4;
	1781  :   DE;
	1782  :   3E;
	1783  :   21;
	1784  :   D6;
	1785  :   EA;
	1786  :   1A;
	1787  :   D5;
	1788  :   86;
	1789  :   3A;
	178A  :   FE;
	178B  :   28;
	178C  :   F6;
	178D  :   CE;
	178E  :   F1;
	178F  :   18;
	1790  :   AF;
	1791  :   BC;
	1792  :   67;
	1793  :   9A;
	1794  :   E7;
	1795  :   2B;
	1796  :   D5;
	1797  :   3E;
	1798  :   BC;
	1799  :   6B;
	179A  :   EA;
	179B  :   D5;
	179C  :   16;
	179D  :   DC;
	179E  :   B0;
	[179F..17A0]  :   E3;
	17A1  :   E8;
	17A2  :   27;
	17A3  :   22;
	17A4  :   4E;
	17A5  :   CB;
	17A6  :   AB;
	17A7  :   22;
	17A8  :   C4;
	17A9  :   81;
	17AA  :   6D;
	17AB  :   2C;
	17AC  :   CA;
	17AD  :   54;
	17AE  :   A3;
	17AF  :   DE;
	17B0  :   1E;
	17B1  :   2E;
	17B2  :   0B;
	17B3  :   FC;
	17B4  :   07;
	17B5  :   56;
	17B6  :   EC;
	17B7  :   56;
	17B8  :   57;
	17B9  :   E9;
	17BA  :   BD;
	17BB  :   7F;
	17BC  :   C8;
	17BD  :   CF;
	17BE  :   68;
	17BF  :   C5;
	17C0  :   20;
	17C1  :   A1;
	17C2  :   3A;
	17C3  :   AB;
	17C4  :   90;
	17C5  :   B7;
	17C6  :   49;
	17C7  :   05;
	17C8  :   C8;
	17C9  :   80;
	17CA  :   B6;
	17CB  :   CD;
	17CC  :   53;
	17CD  :   EB;
	17CE  :   16;
	17CF  :   50;
	17D0  :   82;
	17D1  :   BA;
	17D2  :   6D;
	17D3  :   0E;
	17D4  :   E1;
	17D5  :   76;
	17D6  :   83;
	17D7  :   85;
	17D8  :   1E;
	17D9  :   CD;
	17DA  :   08;
	17DB  :   22;
	17DC  :   2C;
	17DD  :   36;
	17DE  :   20;
	17DF  :   C9;
	17E0  :   D3;
	17E1  :   DC;
	17E2  :   17;
	17E3  :   16;
	17E4  :   D4;
	17E5  :   16;
	17E6  :   83;
	17E7  :   2B;
	17E8  :   D8;
	17E9  :   1E;
	17EA  :   0E;
	17EB  :   ED;
	17EC  :   67;
	17ED  :   ED;
	17EE  :   FF;
	17EF  :   1A;
	17F0  :   02;
	17F1  :   D7;
	17F2  :   F9;
	17F3  :   3D;
	17F4  :   57;
	17F5  :   67;
	17F6  :   6A;
	17F7  :   E1;
	17F8  :   BC;
	17F9  :   A9;
	17FA  :   F9;
	17FB  :   E1;
	17FC  :   D0;
	17FD  :   A7;
	17FE  :   7A;
	17FF  :   1E;
	1800  :   F3;
	1801  :   31;
	1802  :   90;
	1803  :   D4;
	1804  :   C3;
	1805  :   CD;
	1806  :   18;
	1807  :   E9;
	1808  :   E1;
	1809  :   22;
	180A  :   E3;
	180B  :   D4;
	180C  :   C9;
	180D  :   30;
	180E  :   32;
	180F  :   37;
	1810  :   C3;
	1811  :   A0;
	1812  :   D4;
	1813  :   25;
	1814  :   F8;
	1815  :   C3;
	1816  :   33;
	1817  :   1D;
	1818  :   E3;
	1819  :   F5;
	181A  :   7E;
	181B  :   23;
	181C  :   D7;
	181D  :   F1;
	181E  :   E3;
	181F  :   C9;
	1820  :   DF;
	1821  :   01;
	1822  :   7C;
	1823  :   D7;
	1824  :   DF;
	1825  :   02;
	1826  :   18;
	1827  :   2A;
	1828  :   E5;
	1829  :   D5;
	182A  :   ED;
	182B  :   5B;
	182C  :   38;
	182D  :   D6;
	182E  :   18;
	182F  :   25;
	1830  :   7C;
	1831  :   87;
	1832  :   67;
	1833  :   87;
	1834  :   D6;
	1835  :   F9;
	1836  :   18;
	1837  :   26;
	1838  :   E5;
	1839  :   D5;
	183A  :   C5;
	183B  :   F5;
	183C  :   CD;
	183D  :   B5;
	183E  :   D5;
	183F  :   CD;
	1840  :   A4;
	1841  :   18;
	1842  :   CD;
	1843  :   C9;
	1844  :   1A;
	1845  :   3A;
	1846  :   27;
	1847  :   D6;
	1848  :   CB;
	1849  :   8F;
	184A  :   D3;
	184B  :   03;
	184C  :   F1;
	184D  :   C1;
	184E  :   D1;
	184F  :   E1;
	1850  :   FB;
	1851  :   C9;
	1852  :   7D;
	1853  :   D7;
	1854  :   C9;
	1855  :   19;
	1856  :   CD;
	1857  :   4F;
	1858  :   1F;
	1859  :   7E;
	185A  :   B7;
	185B  :   D1;
	185C  :   E1;
	185D  :   C9;
	185E  :   84;
	185F  :   2F;
	1860  :   65;
	1861  :   6F;
	1862  :   7C;
	1863  :   2F;
	1864  :   67;
	1865  :   C9;
	[1866..1867]  :   CD;
	1868  :   D5;
	1869  :   ED;
	186A  :   7B;
	186B  :   C2;
	186C  :   D4;
	186D  :   21;
	[186E..186F]  :   00;
	1870  :   22;
	1871  :   0A;
	1872  :   D6;
	1873  :   22;
	1874  :   08;
	1875  :   D6;
	1876  :   3E;
	1877  :   0F;
	1878  :   32;
	1879  :   28;
	187A  :   D6;
	187B  :   3E;
	187C  :   04;
	187D  :   D3;
	187E  :   03;
	187F  :   3A;
	1880  :   08;
	1881  :   E0;
	1882  :   4F;
	1883  :   AF;
	1884  :   D3;
	1885  :   03;
	1886  :   32;
	1887  :   27;
	1888  :   D6;
	1889  :   CB;
	188A  :   51;
	188B  :   28;
	188C  :   40;
	188D  :   ED;
	188E  :   56;
	188F  :   FB;
	1890  :   CB;
	1891  :   61;
	1892  :   2A;
	1893  :   02;
	1894  :   D6;
	1895  :   28;
	1896  :   0A;
	1897  :   CB;
	1898  :   49;
	1899  :   2A;
	189A  :   9E;
	189B  :   D5;
	189C  :   28;
	189D  :   03;
	189E  :   2A;
	189F  :   04;
	18A0  :   D6;
	18A1  :   C3;
	18A2  :   E5;
	18A3  :   D4;
	18A4  :   21;
	18A5  :   2F;
	18A6  :   D6;
	18A7  :   34;
	18A8  :   23;
	18A9  :   35;
	18AA  :   F0;
	18AB  :   36;
	18AC  :   00;
	18AD  :   EB;
	18AE  :   21;
	18AF  :   2E;
	18B0  :   D6;
	18B1  :   7E;
	18B2  :   E6;
	18B3  :   06;
	18B4  :   FE;
	18B5  :   02;
	18B6  :   C0;
	18B7  :   3A;
	18B8  :   E0;
	18B9  :   D4;
	18BA  :   12;
	18BB  :   3A;
	18BC  :   27;
	18BD  :   D6;
	18BE  :   E6;
	18BF  :   F9;
	18C0  :   D3;
	18C1  :   03;
	18C2  :   ED;
	18C3  :   5B;
	18C4  :   36;
	18C5  :   D6;
	18C6  :   2A;
	18C7  :   38;
	18C8  :   D6;
	18C9  :   19;
	18CA  :   C3;
	18CB  :   AF;
	18CC  :   D4;
	18CD  :   3E;
	18CE  :   6B;
	18CF  :   D3;
	18D0  :   0A;
	18D1  :   3E;
	18D2  :   30;
	18D3  :   D3;
	18D4  :   03;
	18D5  :   3E;
	18D6  :   14;
	18D7  :   DB;
	18D8  :   09;
	18D9  :   3E;
	18DA  :   7A;
	18DB  :   DB;
	18DC  :   3D;
	18DD  :   3E;
	18DE  :   B2;
	18DF  :   DB;
	18E0  :   5A;
	18E1  :   3E;
	18E2  :   10;
	18E3  :   D3;
	18E4  :   03;
	18E5  :   3E;
	18E6  :   2F;
	18E7  :   DB;
	18E8  :   08;
	18E9  :   AF;
	18EA  :   DB;
	18EB  :   80;
	18EC  :   3E;
	18ED  :   20;
	18EE  :   D3;
	18EF  :   03;
	18F0  :   3E;
	18F1  :   29;
	18F2  :   DB;
	18F3  :   1C;
	18F4  :   AF;
	18F5  :   DB;
	18F6  :   80;
	18F7  :   21;
	18F8  :   A0;
	18F9  :   D5;
	18FA  :   E5;
	18FB  :   AF;
	18FC  :   77;
	18FD  :   23;
	18FE  :   BC;
	18FF  :   20;
	1900  :   FB;
	1901  :   E1;
	1902  :   06;
	1903  :   20;
	1904  :   36;
	1905  :   C9;
	[1906..1908]  :   23;
	1909  :   10;
	190A  :   F9;
	190B  :   21;
	190C  :   BF;
	190D  :   19;
	190E  :   11;
	190F  :   A0;
	1910  :   D4;
	1911  :   01;
	1912  :   DE;
	1913  :   00;
	1914  :   ED;
	1915  :   B0;
	1916  :   21;
	1917  :   9D;
	1918  :   1A;
	1919  :   06;
	191A  :   05;
	191B  :   5E;
	191C  :   23;
	191D  :   51;
	191E  :   EB;
	191F  :   3E;
	1920  :   C3;
	1921  :   CD;
	1922  :   18;
	1923  :   D5;
	1924  :   1A;
	1925  :   13;
	1926  :   23;
	1927  :   CD;
	1928  :   18;
	1929  :   D5;
	192A  :   1A;
	192B  :   13;
	192C  :   23;
	192D  :   CD;
	192E  :   18;
	192F  :   D5;
	1930  :   EB;
	1931  :   10;
	1932  :   E8;
	1933  :   CD;
	1934  :   C3;
	1935  :   1E;
	1936  :   21;
	1937  :   41;
	1938  :   19;
	1939  :   06;
	193A  :   19;
	193B  :   CD;
	193C  :   CE;
	193D  :   22;
	193E  :   C3;
	193F  :   70;
	1940  :   00;
	1941  :   1F;
	1942  :   03;
	1943  :   02;
	1944  :   0B;
	1945  :   20;
	1946  :   5A;
	1947  :   64;
	1948  :   72;
	1949  :   61;
	194A  :   76;
	194B  :   C9;
	194C  :   20;
	194D  :   56;
	194E  :   C1;
	194F  :   73;
	1950  :   20;
	1951  :   4F;
	1952  :   4E;
	1953  :   44;
	1954  :   52;
	1955  :   41;
	1956  :   2B;
	1957  :   20;
	1958  :   04;
	1959  :   0D;
	195A  :   DF;
	195B  :   0D;
	195C  :   01;
	195D  :   5C;
	195E  :   19;
	195F  :   C5;
	1960  :   DF;
	1961  :   1B;
	1962  :   DF;
	1963  :   46;
	1964  :   2A;
	1965  :   BE;
	1966  :   D4;
	1967  :   CD;
	1968  :   DD;
	1969  :   23;
	196A  :   11;
	196B  :   32;
	196C  :   D5;
	196D  :   06;
	196E  :   00;
	196F  :   CD;
	1970  :   CE;
	1971  :   20;
	1972  :   CD;
	1973  :   9E;
	1974  :   21;
	1975  :   20;
	1976  :   1E;
	1977  :   57;
	1978  :   CD;
	1979  :   8C;
	197A  :   19;
	197B  :   6F;
	197C  :   CD;
	197D  :   8C;
	197E  :   19;
	197F  :   67;
	1980  :   15;
	1981  :   28;
	[1982..1983]  :   15;
	1984  :   20;
	1985  :   0B;
	1986  :   CD;
	1987  :   D6;
	1988  :   22;
	1989  :   C3;
	198A  :   E5;
	198B  :   D4;
	198C  :   CD;
	198D  :   9E;
	198E  :   21;
	198F  :   C8;
	1990  :   F1;
	1991  :   DF;
	1992  :   3F;
	1993  :   DF;
	1994  :   0D;
	1995  :   C3;
	1996  :   D6;
	1997  :   22;
	1998  :   CD;
	1999  :   8C;
	199A  :   19;
	199B  :   4F;
	199C  :   CD;
	199D  :   8C;
	199E  :   19;
	199F  :   47;
	19A0  :   CD;
	19A1  :   8C;
	19A2  :   19;
	19A3  :   CD;
	19A4  :   18;
	19A5  :   D5;
	19A6  :   ED;
	19A7  :   A1;
	19A8  :   EA;
	19A9  :   A0;
	19AA  :   19;
	19AB  :   18;
	19AC  :   C5;
	19AD  :   01;
	19AE  :   80;
	19AF  :   0A;
	19B0  :   21;
	19B1  :   28;
	19B2  :   D6;
	19B3  :   7E;
	19B4  :   E6;
	19B5  :   1F;
	19B6  :   B1;
	19B7  :   77;
	19B8  :   FB;
	19B9  :   76;
	19BA  :   10;
	19BB  :   FD;
	19BC  :   A9;
	19BD  :   77;
	19BE  :   C9;
	19BF  :   C3;
	19C0  :   CD;
	19C1  :   1C;
	19C2  :   C3;
	19C3  :   62;
	19C4  :   1F;
	19C5  :   C3;
	19C6  :   AB;
	19C7  :   1F;
	19C8  :   C3;
	19C9  :   85;
	19CA  :   20;
	19CB  :   C3;
	19CC  :   50;
	19CD  :   20;
	19CE  :   C3;
	19CF  :   3B;
	19D0  :   20;
	19D1  :   C3;
	19D2  :   78;
	19D3  :   1E;
	19D4  :   C3;
	19D5  :   69;
	19D6  :   18;
	19D7  :   69;
	19D8  :   00;
	19D9  :   57;
	19DA  :   CC;
	19DB  :   58;
	19DC  :   CC;
	19DD  :   A0;
	19DE  :   CF;
	19DF  :   A0;
	19E0  :   D3;
	19E1  :   A0;
	19E2  :   D4;
	19E3  :   6B;
	19E4  :   1F;
	19E5  :   13;
	19E6  :   0C;
	[19E7..19E8]  :   0B;
	19E9  :   00;
	19EA  :   1F;
	19EB  :   00;
	19EC  :   16;
	19ED  :   00;
	19EE  :   0F;
	19EF  :   00;
	19F0  :   1F;
	19F1  :   00;
	19F2  :   1F;
	[19F3..19F5]  :   00;
	19F6  :   01;
	19F7  :   00;
	19F8  :   0F;
	19F9  :   00;
	19FA  :   1F;
	19FB  :   00;
	19FC  :   1F;
	19FD  :   02;
	[19FE..19FF]  :   19;
	1A00  :   28;
	1A01  :   15;
	1A02  :   F6;
	1A03  :   1C;
	1A04  :   CD;
	1A05  :   E9;
	1A06  :   D4;
	1A07  :   E9;
	1A08  :   E5;
	1A09  :   21;
	1A0A  :   27;
	1A0B  :   D6;
	1A0C  :   CB;
	1A0D  :   CE;
	1A0E  :   F5;
	1A0F  :   7E;
	1A10  :   D3;
	1A11  :   03;
	1A12  :   F1;
	1A13  :   E1;
	1A14  :   C9;
	1A15  :   ED;
	1A16  :   53;
	1A17  :   06;
	1A18  :   D6;
	1A19  :   E3;
	1A1A  :   5E;
	1A1B  :   23;
	1A1C  :   56;
	1A1D  :   23;
	1A1E  :   E3;
	1A1F  :   E5;
	1A20  :   21;
	1A21  :   E9;
	1A22  :   D4;
	1A23  :   E3;
	1A24  :   D5;
	1A25  :   ED;
	1A26  :   5B;
	1A27  :   06;
	1A28  :   D6;
	1A29  :   E5;
	1A2A  :   21;
	1A2B  :   27;
	1A2C  :   D6;
	1A2D  :   CB;
	1A2E  :   8E;
	1A2F  :   18;
	1A30  :   DD;
	1A31  :   CD;
	1A32  :   E9;
	1A33  :   D4;
	1A34  :   7E;
	1A35  :   18;
	1A36  :   F2;
	1A37  :   CD;
	1A38  :   E9;
	1A39  :   D4;
	1A3A  :   77;
	1A3B  :   18;
	1A3C  :   EC;
	1A3D  :   F5;
	1A3E  :   AF;
	1A3F  :   D3;
	1A40  :   03;
	1A41  :   FF;
	1A42  :   3A;
	1A43  :   27;
	1A44  :   D6;
	1A45  :   CB;
	1A46  :   CF;
	1A47  :   D3;
	1A48  :   03;
	1A49  :   F1;
	1A4A  :   C9;
	1A4B  :   E7;
	1A4C  :   66;
	1A4D  :   18;
	1A4E  :   C9;
	1A4F  :   CF;
	1A50  :   10;
	1A51  :   4B;
	1A52  :   EF;
	1A53  :   44;
	1A54  :   E3;
	1A55  :   F5;
	1A56  :   7E;
	1A57  :   23;
	1A58  :   FE;
	1A59  :   12;
	1A5A  :   38;
	1A5B  :   04;
	1A5C  :   F1;
	1A5D  :   E3;
	1A5E  :   18;
	1A5F  :   71;
	1A60  :   E5;
	1A61  :   D5;
	1A62  :   5F;
	1A63  :   16;
	1A64  :   00;
	1A65  :   21;
	1A66  :   5A;
	1A67  :   D5;
	[1A68..1A69]  :   19;
	1A6A  :   7E;
	1A6B  :   23;
	1A6C  :   66;
	1A6D  :   6F;
	1A6E  :   22;
	1A6F  :   57;
	1A70  :   D5;
	1A71  :   D1;
	1A72  :   E1;
	1A73  :   F1;
	1A74  :   E3;
	1A75  :   E7;
	[1A76..1A77]  :   00;
	1A78  :   C9;
	1A79  :   10;
	1A7A  :   18;
	1A7B  :   BE;
	1A7C  :   D5;
	1A7D  :   BD;
	1A7E  :   1A;
	1A7F  :   AC;
	1A80  :   1A;
	1A81  :   44;
	1A82  :   1C;
	1A83  :   1E;
	1A84  :   24;
	1A85  :   DD;
	1A86  :   23;
	1A87  :   B0;
	1A88  :   19;
	1A89  :   CE;
	1A8A  :   20;
	1A8B  :   32;
	1A8C  :   22;
	1A8D  :   9E;
	1A8E  :   21;
	1A8F  :   5C;
	1A90  :   22;
	1A91  :   E2;
	1A92  :   22;
	1A93  :   D6;
	1A94  :   22;
	1A95  :   C2;
	1A96  :   1B;
	1A97  :   C3;
	1A98  :   1E;
	1A99  :   5A;
	1A9A  :   19;
	1A9B  :   28;
	1A9C  :   18;
	1A9D  :   38;
	1A9E  :   1E;
	1A9F  :   D5;
	1AA0  :   20;
	1AA1  :   F6;
	1AA2  :   D4;
	1AA3  :   00;
	1AA4  :   30;
	1AA5  :   D5;
	1AA6  :   08;
	1AA7  :   35;
	1AA8  :   D5;
	1AA9  :   66;
	1AAA  :   2C;
	1AAB  :   D5;
	1AAC  :   E5;
	1AAD  :   C5;
	1AAE  :   21;
	1AAF  :   27;
	1AB0  :   D6;
	1AB1  :   4E;
	1AB2  :   CB;
	1AB3  :   C6;
	1AB4  :   CD;
	1AB5  :   BD;
	1AB6  :   1A;
	1AB7  :   28;
	1AB8  :   FB;
	1AB9  :   71;
	1ABA  :   C1;
	1ABB  :   E1;
	1ABC  :   C9;
	1ABD  :   E5;
	1ABE  :   D5;
	1ABF  :   C5;
	1AC0  :   FB;
	1AC1  :   CD;
	1AC2  :   5E;
	1AC3  :   1B;
	1AC4  :   B7;
	1AC5  :   C1;
	1AC6  :   D1;
	1AC7  :   E1;
	1AC8  :   C9;
	1AC9  :   3A;
	1ACA  :   28;
	1ACB  :   D6;
	1ACC  :   D3;
	1ACD  :   0A;
	1ACE  :   3A;
	1ACF  :   27;
	1AD0  :   D6;
	1AD1  :   CB;
	1AD2  :   D7;
	1AD3  :   CB;
	1AD4  :   8F;
	1AD5  :   D3;
	1AD6  :   03;
	1AD7  :   21;
	1AD8  :   01;
	1AD9  :   E0;
	1ADA  :   7E;
	1ADB  :   E6;
	1ADC  :   0B;
	1ADD  :   CC;
	1ADE  :   B5;
	1ADF  :   D4;
	1AE0  :   2E;
	1AE1  :   05;
	1AE2  :   7E;
	1AE3  :   E6;
	1AE4  :   07;
	1AE5  :   CC;
	1AE6  :   BB;
	1AE7  :   D5;
	1AE8  :   21;
	1AE9  :   1D;
	1AEA  :   D6;
	1AEB  :   7E;
	1AEC  :   B7;
	1AED  :   28;
	1AEE  :   01;
	1AEF  :   35;
	1AF0  :   3A;
	1AF1  :   09;
	1AF2  :   D6;
	1AF3  :   F5;
	1AF4  :   B7;
	1AF5  :   C4;
	1AF6  :   A0;
	1AF7  :   D5;
	1AF8  :   F1;
	1AF9  :   E6;
	1AFA  :   10;
	1AFB  :   C0;
	1AFC  :   21;
	1AFD  :   1C;
	1AFE  :   D6;
	1AFF  :   35;
	1B00  :   F0;
	1B01  :   34;
	1B02  :   21;
	1B03  :   CA;
	1B04  :   D4;
	1B05  :   11;
	1B06  :   09;
	1B07  :   E0;
	1B08  :   1A;
	1B09  :   E6;
	1B0A  :   1F;
	1B0B  :   47;
	1B0C  :   A6;
	1B0D  :   0E;
	1B0E  :   80;
	1B0F  :   20;
	1B10  :   0F;
	1B11  :   78;
	1B12  :   B6;
	1B13  :   EE;
	1B14  :   1F;
	1B15  :   0E;
	1B16  :   00;
	1B17  :   20;
	1B18  :   07;
	[1B19..1B1A]  :   23;
	1B1B  :   1D;
	1B1C  :   F2;
	1B1D  :   08;
	1B1E  :   1B;
	1B1F  :   C9;
	1B20  :   16;
	1B21  :   80;
	1B22  :   CB;
	1B23  :   02;
	1B24  :   0C;
	1B25  :   0F;
	1B26  :   30;
	1B27  :   FA;
	1B28  :   7A;
	1B29  :   AE;
	1B2A  :   77;
	1B2B  :   23;
	1B2C  :   7A;
	1B2D  :   A6;
	1B2E  :   20;
	1B2F  :   02;
	1B30  :   CB;
	1B31  :   F1;
	1B32  :   7B;
	[1B33..1B34]  :   87;
	1B35  :   83;
	1B36  :   81;
	1B37  :   4F;
	1B38  :   21;
	1B39  :   09;
	1B3A  :   D6;
	1B3B  :   34;
	1B3C  :   23;
	1B3D  :   CD;
	1B3E  :   51;
	1B3F  :   1B;
	1B40  :   71;
	1B41  :   3E;
	1B42  :   02;
	1B43  :   32;
	1B44  :   1C;
	1B45  :   D6;
	1B46  :   CB;
	1B47  :   79;
	1B48  :   C0;
	1B49  :   3A;
	1B4A  :   28;
	1B4B  :   D6;
	1B4C  :   F6;
	1B4D  :   E0;
	1B4E  :   D3;
	1B4F  :   0A;
	1B50  :   C9;
	1B51  :   7E;
	1B52  :   3C;
	1B53  :   E6;
	1B54  :   0F;
	1B55  :   77;
	1B56  :   6F;
	1B57  :   26;
	1B58  :   00;
	1B59  :   11;
	1B5A  :   0C;
	1B5B  :   D6;
	1B5C  :   19;
	1B5D  :   C9;
	1B5E  :   CD;
	1B5F  :   D3;
	1B60  :   D5;
	1B61  :   CD;
	1B62  :   44;
	1B63  :   1C;
	1B64  :   21;
	1B65  :   1D;
	1B66  :   D6;
	1B67  :   20;
	1B68  :   18;
	1B69  :   7E;
	1B6A  :   B7;
	1B6B  :   3E;
	1B6C  :   00;
	1B6D  :   C0;
	1B6E  :   3A;
	1B6F  :   08;
	1B70  :   D6;
	1B71  :   07;
	1B72  :   3E;
	1B73  :   00;
	1B74  :   D0;
	1B75  :   3A;
	1B76  :   28;
	1B77  :   D6;
	1B78  :   F6;
	1B79  :   E0;
	1B7A  :   D3;
	1B7B  :   0A;
	1B7C  :   3A;
	1B7D  :   DE;
	1B7E  :   D4;
	1B7F  :   18;
	1B80  :   0C;
	1B81  :   CB;
	1B82  :   77;
	1B83  :   C2;
	1B84  :   11;
	1B85  :   1C;
	1B86  :   2F;
	1B87  :   32;
	1B88  :   08;
	1B89  :   D6;
	1B8A  :   3A;
	1B8B  :   DF;
	1B8C  :   D4;
	1B8D  :   77;
	1B8E  :   CD;
	1B8F  :   A1;
	1B90  :   1B;
	1B91  :   B7;
	1B92  :   C8;
	1B93  :   21;
	1B94  :   26;
	1B95  :   D6;
	1B96  :   CB;
	1B97  :   46;
	1B98  :   36;
	1B99  :   00;
	1B9A  :   28;
	1B9B  :   02;
	1B9C  :   EE;
	1B9D  :   A0;
	1B9E  :   C3;
	1B9F  :   D6;
	1BA0  :   D5;
	1BA1  :   3A;
	1BA2  :   08;
	1BA3  :   D6;
	1BA4  :   2F;
	1BA5  :   6F;
	1BA6  :   AF;
	1BA7  :   67;
	1BA8  :   CB;
	1BA9  :   7D;
	1BAA  :   C0;
	1BAB  :   7D;
	1BAC  :   FE;
	1BAD  :   0F;
	1BAE  :   38;
	1BAF  :   09;
	1BB0  :   7D;
	1BB1  :   D6;
	1BB2  :   0B;
	1BB3  :   6F;
	1BB4  :   FE;
	1BB5  :   0F;
	1BB6  :   3E;
	1BB7  :   20;
	1BB8  :   D8;
	1BB9  :   7D;
	1BBA  :   FE;
	1BBB  :   23;
	1BBC  :   38;
	1BBD  :   06;
	1BBE  :   11;
	1BBF  :   8E;
	1BC0  :   1C;
	1BC1  :   19;
	1BC2  :   7E;
	1BC3  :   C9;
	1BC4  :   FE;
	1BC5  :   13;
	1BC6  :   20;
	1BC7  :   0A;
	1BC8  :   3A;
	1BC9  :   24;
	1BCA  :   D6;
	1BCB  :   07;
	1BCC  :   3E;
	1BCD  :   0D;
	1BCE  :   D0;
	1BCF  :   3E;
	1BD0  :   1B;
	1BD1  :   C9;
	1BD2  :   54;
	1BD3  :   5D;
	1BD4  :   29;
	1BD5  :   19;
	1BD6  :   11;
	1BD7  :   5A;
	1BD8  :   1C;
	1BD9  :   19;
	1BDA  :   46;
	1BDB  :   EB;
	1BDC  :   21;
	1BDD  :   1E;
	1BDE  :   D6;
	1BDF  :   CB;
	1BE0  :   7E;
	1BE1  :   20;
	1BE2  :   28;
	1BE3  :   13;
	[1BE4..1BE5]  :   23;
	1BE6  :   CB;
	1BE7  :   7E;
	1BE8  :   20;
	1BE9  :   25;
	1BEA  :   13;
	[1BEB..1BEC]  :   23;
	1BED  :   CB;
	1BEE  :   7E;
	1BEF  :   20;
	1BF0  :   1E;
	1BF1  :   78;
	1BF2  :   2A;
	1BF3  :   24;
	1BF4  :   D6;
	1BF5  :   FE;
	1BF6  :   5C;
	1BF7  :   38;
	1BF8  :   08;
	1BF9  :   C6;
	1BFA  :   24;
	1BFB  :   CB;
	1BFC  :   7D;
	1BFD  :   C8;
	1BFE  :   C6;
	1BFF  :   04;
	1C00  :   C9;
	1C01  :   CD;
	1C02  :   D0;
	1C03  :   D5;
	1C04  :   7C;
	1C05  :   AD;
	1C06  :   78;
	1C07  :   F8;
	1C08  :   EE;
	1C09  :   20;
	1C0A  :   C9;
	1C0B  :   78;
	1C0C  :   D6;
	1C0D  :   40;
	1C0E  :   C9;
	1C0F  :   1A;
	1C10  :   C9;
	1C11  :   4F;
	1C12  :   11;
	1C13  :   1E;
	1C14  :   D6;
	1C15  :   21;
	1C16  :   40;
	1C17  :   1C;
	1C18  :   06;
	1C19  :   04;
	1C1A  :   79;
	1C1B  :   E6;
	1C1C  :   3F;
	1C1D  :   BE;
	1C1E  :   23;
	1C1F  :   20;
	1C20  :   11;
	1C21  :   79;
	1C22  :   2F;
	1C23  :   12;
	1C24  :   07;
	1C25  :   30;
	1C26  :   16;
	1C27  :   EB;
	1C28  :   23;
	1C29  :   3A;
	1C2A  :   1E;
	1C2B  :   D6;
	1C2C  :   AE;
	1C2D  :   77;
	1C2E  :   AF;
	1C2F  :   C3;
	1C30  :   D9;
	1C31  :   D5;
	[1C32..1C33]  :   13;
	1C34  :   10;
	1C35  :   E4;
	1C36  :   EB;
	1C37  :   79;
	1C38  :   FE;
	1C39  :   57;
	1C3A  :   20;
	1C3B  :   01;
	1C3C  :   34;
	1C3D  :   C3;
	1C3E  :   5E;
	1C3F  :   1B;
	1C40  :   28;
	1C41  :   16;
	1C42  :   0F;
	1C43  :   19;
	1C44  :   E5;
	1C45  :   D5;
	1C46  :   CD;
	1C47  :   4C;
	1C48  :   1C;
	1C49  :   D1;
	1C4A  :   E1;
	1C4B  :   C9;
	1C4C  :   21;
	1C4D  :   09;
	1C4E  :   D6;
	1C4F  :   7E;
	1C50  :   B7;
	1C51  :   C8;
	1C52  :   E5;
	[1C53..1C54]  :   23;
	1C55  :   CD;
	1C56  :   51;
	1C57  :   1B;
	1C58  :   7E;
	1C59  :   E1;
	1C5A  :   35;
	1C5B  :   B7;
	1C5C  :   C9;
	1C5D  :   52;
	1C5E  :   34;
	1C5F  :   24;
	1C60  :   45;
	1C61  :   33;
	1C62  :   23;
	1C63  :   57;
	1C64  :   32;
	1C65  :   22;
	1C66  :   54;
	1C67  :   35;
	1C68  :   25;
	1C69  :   51;
	1C6A  :   31;
	1C6B  :   21;
	1C6C  :   46;
	1C6D  :   7C;
	1C6E  :   5E;
	1C6F  :   44;
	1C70  :   60;
	1C71  :   3D;
	1C72  :   53;
	[1C73..1C74]  :   2B;
	1C75  :   47;
	[1C76..1C77]  :   5F;
	1C78  :   41;
	1C79  :   7E;
	1C7A  :   2D;
	1C7B  :   43;
	1C7C  :   7F;
	1C7D  :   3A;
	1C7E  :   58;
	1C7F  :   5C;
	1C80  :   2F;
	1C81  :   5A;
	[1C82..1C83]  :   2A;
	1C84  :   56;
	[1C85..1C86]  :   3B;
	1C87  :   4A;
	[1C88..1C89]  :   3E;
	1C8A  :   4B;
	1C8B  :   7B;
	1C8C  :   5B;
	1C8D  :   4C;
	1C8E  :   7D;
	1C8F  :   5D;
	1C90  :   48;
	[1C91..1C92]  :   3C;
	[1C93..1C95]  :   FF;
	1C96  :   55;
	1C97  :   37;
	1C98  :   27;
	1C99  :   49;
	1C9A  :   38;
	1C9B  :   28;
	1C9C  :   4F;
	1C9D  :   39;
	1C9E  :   29;
	1C9F  :   59;
	1CA0  :   36;
	1CA1  :   26;
	1CA2  :   50;
	1CA3  :   30;
	1CA4  :   40;
	1CA5  :   4E;
	[1CA6..1CA7]  :   2C;
	1CA8  :   4D;
	[1CA9..1CAA]  :   2E;
	1CAB  :   5C;
	1CAC  :   8C;
	1CAD  :   88;
	1CAE  :   42;
	[1CAF..1CB0]  :   3F;
	1CB1  :   82;
	1CB2  :   81;
	1CB3  :   80;
	1CB4  :   83;
	1CB5  :   20;
	1CB6  :   FF;
	1CB7  :   5D;
	1CB8  :   8D;
	1CB9  :   89;
	1CBA  :   5F;
	1CBB  :   8F;
	1CBC  :   8B;
	[1CBD..1CBF]  :   FF;
	1CC0  :   5E;
	1CC1  :   8E;
	1CC2  :   8A;
	1CC3  :   1F;
	1CC4  :   16;
	1CC5  :   0F;
	[1CC6..1CC7]  :   1F;
	1CC8  :   00;
	1CC9  :   01;
	1CCA  :   0F;
	[1CCB..1CCC]  :   1F;
	1CCD  :   E5;
	1CCE  :   D5;
	1CCF  :   C5;
	1CD0  :   F5;
	1CD1  :   4F;
	1CD2  :   21;
	1CD3  :   2E;
	1CD4  :   D6;
	1CD5  :   E5;
	1CD6  :   CB;
	1CD7  :   D6;
	1CD8  :   CB;
	1CD9  :   46;
	1CDA  :   C5;
	1CDB  :   C4;
	1CDC  :   C2;
	1CDD  :   18;
	1CDE  :   C1;
	1CDF  :   CD;
	1CE0  :   EA;
	1CE1  :   1C;
	1CE2  :   E1;
	1CE3  :   CB;
	1CE4  :   96;
	1CE5  :   F1;
	1CE6  :   C1;
	1CE7  :   D1;
	1CE8  :   E1;
	1CE9  :   C9;
	1CEA  :   2A;
	1CEB  :   E3;
	1CEC  :   D4;
	1CED  :   E5;
	1CEE  :   21;
	1CEF  :   F6;
	1CF0  :   1C;
	1CF1  :   22;
	1CF2  :   E3;
	1CF3  :   D4;
	1CF4  :   79;
	1CF5  :   C9;
	1CF6  :   FE;
	1CF7  :   20;
	1CF8  :   30;
	1CF9  :   1C;
	1CFA  :   2A;
	1CFB  :   C4;
	1CFC  :   D4;
	1CFD  :   87;
	1CFE  :   5F;
	1CFF  :   16;
	1D00  :   00;
	1D01  :   19;
	1D02  :   5E;
	1D03  :   23;
	1D04  :   56;
	1D05  :   D5;
	1D06  :   ED;
	1D07  :   5B;
	1D08  :   34;
	1D09  :   D6;
	1D0A  :   2A;
	1D0B  :   36;
	1D0C  :   D6;
	1D0D  :   C9;
	1D0E  :   26;
	1D0F  :   00;
	1D10  :   CD;
	1D11  :   BE;
	1D12  :   1E;
	1D13  :   6F;
	1D14  :   18;
	1D15  :   1D;
	1D16  :   F5;
	1D17  :   CD;
	1D18  :   06;
	1D19  :   1D;
	[1D1A..1D1B]  :   3A;
	1D1C  :   D6;
	1D1D  :   B7;
	1D1E  :   C4;
	1D1F  :   4D;
	1D20  :   1D;
	1D21  :   2A;
	1D22  :   36;
	1D23  :   D6;
	1D24  :   F1;
	1D25  :   CD;
	1D26  :   37;
	1D27  :   1D;
	1D28  :   CD;
	1D29  :   06;
	1D2A  :   1D;
	1D2B  :   2C;
	1D2C  :   7D;
	1D2D  :   BB;
	1D2E  :   38;
	1D2F  :   03;
	1D30  :   32;
	1D31  :   3A;
	1D32  :   D6;
	1D33  :   22;
	1D34  :   36;
	1D35  :   D6;
	1D36  :   C9;
	1D37  :   47;
	1D38  :   ED;
	1D39  :   5B;
	1D3A  :   38;
	1D3B  :   D6;
	1D3C  :   19;
	1D3D  :   E5;
	1D3E  :   CD;
	1D3F  :   4F;
	1D40  :   1F;
	1D41  :   70;
	1D42  :   E1;
	1D43  :   78;
	1D44  :   C3;
	1D45  :   A6;
	1D46  :   D4;
	1D47  :   3A;
	1D48  :   31;
	1D49  :   D6;
	1D4A  :   B7;
	1D4B  :   20;
	1D4C  :   C3;
	1D4D  :   CD;
	1D4E  :   BE;
	1D4F  :   1E;
	1D50  :   6F;
	1D51  :   24;
	1D52  :   7C;
	1D53  :   BA;
	1D54  :   38;
	1D55  :   DD;
	1D56  :   25;
	1D57  :   22;
	1D58  :   36;
	1D59  :   D6;
	1D5A  :   21;
	[1D5B..1D5C]  :   00;
	1D5D  :   4D;
	1D5E  :   44;
	1D5F  :   24;
	1D60  :   15;
	1D61  :   28;
	1D62  :   2B;
	1D63  :   CD;
	1D64  :   68;
	1D65  :   1D;
	1D66  :   18;
	1D67  :   F5;
	1D68  :   E5;
	1D69  :   D5;
	1D6A  :   C5;
	1D6B  :   E5;
	1D6C  :   2A;
	1D6D  :   38;
	1D6E  :   D6;
	1D6F  :   E5;
	1D70  :   09;
	1D71  :   4B;
	1D72  :   D1;
	1D73  :   E3;
	1D74  :   19;
	1D75  :   D1;
	1D76  :   06;
	1D77  :   00;
	1D78  :   E5;
	1D79  :   D5;
	1D7A  :   C5;
	1D7B  :   CD;
	1D7C  :   4F;
	1D7D  :   1F;
	1D7E  :   EB;
	1D7F  :   CD;
	1D80  :   4F;
	1D81  :   1F;
	1D82  :   EB;
	1D83  :   ED;
	1D84  :   B0;
	1D85  :   C1;
	1D86  :   D1;
	1D87  :   E1;
	1D88  :   CD;
	1D89  :   A9;
	1D8A  :   D4;
	1D8B  :   C3;
	1D8C  :   E6;
	1D8D  :   1C;
	1D8E  :   CD;
	1D8F  :   06;
	1D90  :   1D;
	1D91  :   2E;
	1D92  :   00;
	1D93  :   7B;
	1D94  :   95;
	1D95  :   5F;
	1D96  :   C8;
	1D97  :   44;
	1D98  :   4D;
	1D99  :   2A;
	1D9A  :   38;
	1D9B  :   D6;
	1D9C  :   09;
	1D9D  :   E5;
	1D9E  :   43;
	1D9F  :   CD;
	1DA0  :   4F;
	1DA1  :   1F;
	1DA2  :   AF;
	1DA3  :   77;
	1DA4  :   23;
	1DA5  :   10;
	1DA6  :   FC;
	1DA7  :   E1;
	1DA8  :   C3;
	1DA9  :   AC;
	1DAA  :   D4;
	1DAB  :   24;
	1DAC  :   7C;
	1DAD  :   BA;
	1DAE  :   D0;
	1DAF  :   18;
	1DB0  :   82;
	1DB1  :   E5;
	1DB2  :   D5;
	1DB3  :   CD;
	1DB4  :   93;
	1DB5  :   1D;
	1DB6  :   D1;
	1DB7  :   E1;
	1DB8  :   2E;
	1DB9  :   00;
	1DBA  :   24;
	1DBB  :   7C;
	1DBC  :   BA;
	1DBD  :   38;
	1DBE  :   F2;
	1DBF  :   C9;
	1DC0  :   CD;
	1DC1  :   C8;
	1DC2  :   1D;
	1DC3  :   3E;
	1DC4  :   20;
	1DC5  :   CD;
	1DC6  :   16;
	1DC7  :   1D;
	1DC8  :   CD;
	1DC9  :   BE;
	1DCA  :   1E;
	1DCB  :   7C;
	1DCC  :   B5;
	1DCD  :   C8;
	1DCE  :   CD;
	1DCF  :   E2;
	1DD0  :   1D;
	1DD1  :   EF;
	1DD2  :   C8;
	1DD3  :   37;
	1DD4  :   18;
	1DD5  :   D9;
	1DD6  :   CD;
	1DD7  :   BE;
	1DD8  :   1E;
	1DD9  :   EF;
	1DDA  :   C8;
	1DDB  :   CD;
	1DDC  :   09;
	1DDD  :   1E;
	1DDE  :   7C;
	1DDF  :   BA;
	1DE0  :   38;
	1DE1  :   CD;
	1DE2  :   7C;
	1DE3  :   B5;
	1DE4  :   C8;
	1DE5  :   2D;
	1DE6  :   F0;
	1DE7  :   6B;
	1DE8  :   2D;
	1DE9  :   25;
	1DEA  :   C9;
	1DEB  :   E5;
	1DEC  :   44;
	1DED  :   4D;
	1DEE  :   CD;
	1DEF  :   D6;
	1DF0  :   1D;
	1DF1  :   30;
	1DF2  :   0C;
	1DF3  :   EF;
	1DF4  :   28;
	1DF5  :   09;
	1DF6  :   D5;
	1DF7  :   1E;
	1DF8  :   01;
	1DF9  :   CD;
	1DFA  :   68;
	1DFB  :   1D;
	1DFC  :   D1;
	1DFD  :   18;
	1DFE  :   ED;
	1DFF  :   60;
	1E00  :   69;
	1E01  :   1E;
	1E02  :   01;
	1E03  :   CD;
	1E04  :   97;
	1E05  :   1D;
	1E06  :   E1;
	1E07  :   18;
	1E08  :   A6;
	1E09  :   2C;
	1E0A  :   7D;
	1E0B  :   BB;
	1E0C  :   D8;
	1E0D  :   2E;
	1E0E  :   00;
	1E0F  :   24;
	1E10  :   C9;
	1E11  :   CD;
	1E12  :   C8;
	1E13  :   1D;
	1E14  :   38;
	1E15  :   FB;
	1E16  :   C9;
	1E17  :   CD;
	1E18  :   D6;
	1E19  :   1D;
	1E1A  :   38;
	1E1B  :   FB;
	1E1C  :   C9;
	1E1D  :   3E;
	1E1E  :   09;
	1E1F  :   CD;
	1E20  :   16;
	1E21  :   1D;
	1E22  :   2A;
	1E23  :   36;
	1E24  :   D6;
	1E25  :   7D;
	1E26  :   E6;
	1E27  :   07;
	1E28  :   3E;
	1E29  :   19;
	1E2A  :   20;
	1E2B  :   F3;
	1E2C  :   C9;
	1E2D  :   21;
	1E2E  :   2E;
	1E2F  :   D6;
	1E30  :   CB;
	1E31  :   CE;
	1E32  :   C9;
	1E33  :   21;
	1E34  :   2E;
	1E35  :   D6;
	1E36  :   CB;
	1E37  :   8E;
	1E38  :   C9;
	1E39  :   3E;
	1E3A  :   AF;
	[1E3B..1E3C]  :   32;
	1E3D  :   D6;
	1E3E  :   C9;
	1E3F  :   CF;
	1E40  :   2A;
	1E41  :   34;
	1E42  :   D6;
	1E43  :   BC;
	1E44  :   D0;
	1E45  :   32;
	1E46  :   37;
	1E47  :   D6;
	1E48  :   18;
	1E49  :   09;
	1E4A  :   CF;
	1E4B  :   2A;
	1E4C  :   34;
	1E4D  :   D6;
	1E4E  :   BD;
	1E4F  :   D0;
	1E50  :   32;
	1E51  :   36;
	1E52  :   D6;
	1E53  :   18;
	1E54  :   69;
	1E55  :   CF;
	1E56  :   4F;
	1E57  :   3A;
	1E58  :   29;
	1E59  :   D6;
	1E5A  :   B9;
	1E5B  :   C8;
	1E5C  :   CD;
	1E5D  :   B2;
	1E5E  :   D4;
	1E5F  :   EB;
	1E60  :   21;
	1E61  :   31;
	1E62  :   D6;
	1E63  :   CD;
	1E64  :   70;
	1E65  :   1E;
	1E66  :   79;
	1E67  :   32;
	1E68  :   29;
	1E69  :   D6;
	1E6A  :   CD;
	1E6B  :   B2;
	1E6C  :   D4;
	1E6D  :   11;
	1E6E  :   31;
	1E6F  :   D6;
	1E70  :   C5;
	1E71  :   01;
	1E72  :   0A;
	1E73  :   00;
	1E74  :   ED;
	1E75  :   B0;
	1E76  :   C1;
	1E77  :   C9;
	1E78  :   21;
	1E79  :   3B;
	1E7A  :   D6;
	1E7B  :   FE;
	1E7C  :   08;
	1E7D  :   D0;
	1E7E  :   11;
	1E7F  :   0A;
	1E80  :   00;
	1E81  :   3D;
	1E82  :   F8;
	1E83  :   19;
	1E84  :   18;
	1E85  :   FB;
	1E86  :   CF;
	1E87  :   32;
	1E88  :   2A;
	1E89  :   D6;
	1E8A  :   CF;
	1E8B  :   32;
	1E8C  :   2B;
	1E8D  :   D6;
	1E8E  :   CF;
	1E8F  :   32;
	1E90  :   2C;
	1E91  :   D6;
	1E92  :   CF;
	1E93  :   32;
	1E94  :   2D;
	1E95  :   D6;
	[1E96..1E97]  :   2A;
	1E98  :   D6;
	1E99  :   EB;
	1E9A  :   2A;
	1E9B  :   2C;
	1E9C  :   D6;
	1E9D  :   ED;
	1E9E  :   4B;
	1E9F  :   E1;
	1EA0  :   D4;
	1EA1  :   7C;
	1EA2  :   B7;
	1EA3  :   C8;
	1EA4  :   82;
	1EA5  :   3D;
	1EA6  :   B8;
	1EA7  :   D0;
	1EA8  :   7D;
	1EA9  :   B7;
	1EAA  :   C8;
	1EAB  :   83;
	1EAC  :   3D;
	1EAD  :   B9;
	1EAE  :   D0;
	[1EAF..1EB0]  :   2A;
	1EB1  :   D6;
	1EB2  :   22;
	1EB3  :   38;
	1EB4  :   D6;
	1EB5  :   CD;
	1EB6  :   0E;
	1EB7  :   1D;
	1EB8  :   2A;
	1EB9  :   2C;
	1EBA  :   D6;
	1EBB  :   22;
	1EBC  :   34;
	1EBD  :   D6;
	1EBE  :   AF;
	1EBF  :   32;
	1EC0  :   3A;
	1EC1  :   D6;
	1EC2  :   C9;
	1EC3  :   21;
	1EC4  :   FF;
	1EC5  :   19;
	1EC6  :   11;
	1EC7  :   E0;
	1EC8  :   D4;
	1EC9  :   01;
	1ECA  :   05;
	1ECB  :   00;
	1ECC  :   ED;
	1ECD  :   B0;
	1ECE  :   3E;
	1ECF  :   FC;
	1ED0  :   CD;
	1ED1  :   FD;
	1ED2  :   1E;
	1ED3  :   3E;
	1ED4  :   07;
	1ED5  :   DF;
	1ED6  :   11;
	1ED7  :   D7;
	1ED8  :   DF;
	1ED9  :   12;
	1EDA  :   DF;
	1EDB  :   00;
	1EDC  :   DF;
	1EDD  :   00;
	1EDE  :   DF;
	1EDF  :   28;
	1EE0  :   DF;
	1EE1  :   15;
	1EE2  :   3D;
	1EE3  :   F2;
	1EE4  :   D5;
	1EE5  :   1E;
	1EE6  :   C9;
	1EE7  :   CF;
	1EE8  :   FE;
	1EE9  :   49;
	1EEA  :   28;
	1EEB  :   D7;
	1EEC  :   21;
	1EED  :   27;
	1EEE  :   D6;
	1EEF  :   FE;
	1EF0  :   53;
	1EF1  :   28;
	1EF2  :   14;
	1EF3  :   FE;
	1EF4  :   46;
	1EF5  :   28;
	1EF6  :   0D;
	1EF7  :   FE;
	1EF8  :   4C;
	1EF9  :   C2;
	1EFA  :   AF;
	1EFB  :   D5;
	1EFC  :   CF;
	1EFD  :   0F;
	1EFE  :   4F;
	1EFF  :   06;
	1F00  :   40;
	1F01  :   ED;
	1F02  :   78;
	1F03  :   C9;
	1F04  :   CB;
	1F05  :   86;
	1F06  :   C9;
	1F07  :   CB;
	1F08  :   C6;
	1F09  :   C9;
	1F0A  :   44;
	1F0B  :   4D;
	1F0C  :   CD;
	1F0D  :   17;
	1F0E  :   1E;
	1F0F  :   7C;
	1F10  :   B8;
	1F11  :   20;
	1F12  :   0A;
	1F13  :   CD;
	1F14  :   33;
	1F15  :   1D;
	1F16  :   79;
	1F17  :   BD;
	1F18  :   3E;
	1F19  :   20;
	1F1A  :   D2;
	1F1B  :   37;
	1F1C  :   1D;
	1F1D  :   C5;
	1F1E  :   44;
	1F1F  :   4D;
	1F20  :   CD;
	1F21  :   E2;
	1F22  :   1D;
	1F23  :   D5;
	1F24  :   1E;
	1F25  :   01;
	1F26  :   CD;
	1F27  :   68;
	1F28  :   1D;
	1F29  :   D1;
	1F2A  :   C1;
	1F2B  :   18;
	1F2C  :   E2;
	1F2D  :   EB;
	1F2E  :   25;
	1F2F  :   5D;
	1F30  :   2E;
	1F31  :   00;
	1F32  :   7A;
	1F33  :   BC;
	1F34  :   D2;
	1F35  :   93;
	1F36  :   1D;
	1F37  :   44;
	1F38  :   4D;
	1F39  :   25;
	1F3A  :   CD;
	1F3B  :   68;
	1F3C  :   1D;
	1F3D  :   18;
	1F3E  :   F3;
	1F3F  :   2E;
	1F40  :   00;
	1F41  :   44;
	1F42  :   4D;
	1F43  :   7C;
	1F44  :   3C;
	1F45  :   BA;
	1F46  :   D2;
	1F47  :   93;
	1F48  :   1D;
	1F49  :   24;
	1F4A  :   CD;
	1F4B  :   68;
	1F4C  :   1D;
	1F4D  :   18;
	1F4E  :   F2;
	1F4F  :   D5;
	1F50  :   E5;
	1F51  :   6C;
	1F52  :   26;
	1F53  :   00;
	1F54  :   CD;
	1F55  :   A3;
	1F56  :   D4;
	1F57  :   D1;
	1F58  :   16;
	1F59  :   00;
	1F5A  :   19;
	1F5B  :   ED;
	1F5C  :   5B;
	1F5D  :   BC;
	1F5E  :   D4;
	1F5F  :   19;
	1F60  :   D1;
	1F61  :   C9;
	[1F62..1F64]  :   29;
	1F65  :   54;
	1F66  :   5D;
	[1F67..1F68]  :   29;
	1F69  :   19;
	1F6A  :   C9;
	1F6B  :   A3;
	1F6C  :   D5;
	1F6D  :   3F;
	1F6E  :   1E;
	1F6F  :   4A;
	1F70  :   1E;
	1F71  :   39;
	1F72  :   1E;
	1F73  :   3A;
	1F74  :   1E;
	1F75  :   11;
	1F76  :   1E;
	1F77  :   17;
	1F78  :   1E;
	1F79  :   AD;
	1F7A  :   19;
	1F7B  :   C0;
	[1F7C..1F7D]  :   1D;
	1F7E  :   1E;
	1F7F  :   51;
	1F80  :   1D;
	1F81  :   A6;
	1F82  :   D5;
	1F83  :   A9;
	1F84  :   D5;
	1F85  :   4D;
	1F86  :   1D;
	1F87  :   2D;
	1F88  :   1E;
	1F89  :   33;
	1F8A  :   1E;
	1F8B  :   AC;
	1F8C  :   D5;
	1F8D  :   55;
	1F8E  :   1E;
	1F8F  :   86;
	1F90  :   1E;
	1F91  :   EB;
	1F92  :   1D;
	1F93  :   0A;
	1F94  :   1F;
	1F95  :   3F;
	1F96  :   1F;
	1F97  :   2D;
	1F98  :   1F;
	1F99  :   13;
	1F9A  :   18;
	1F9B  :   C8;
	1F9C  :   1D;
	1F9D  :   D6;
	1F9E  :   1D;
	1F9F  :   AB;
	1FA0  :   1D;
	1FA1  :   E7;
	1FA2  :   1E;
	1FA3  :   0E;
	1FA4  :   1D;
	1FA5  :   10;
	1FA6  :   1D;
	1FA7  :   93;
	1FA8  :   1D;
	1FA9  :   B1;
	1FAA  :   1D;
	1FAB  :   E5;
	1FAC  :   D5;
	1FAD  :   C5;
	1FAE  :   21;
	1FAF  :   8B;
	1FB0  :   D6;
	1FB1  :   06;
	1FB2  :   0C;
	1FB3  :   36;
	1FB4  :   00;
	1FB5  :   23;
	1FB6  :   10;
	1FB7  :   FB;
	1FB8  :   FE;
	1FB9  :   80;
	1FBA  :   30;
	1FBB  :   22;
	1FBC  :   D6;
	1FBD  :   21;
	1FBE  :   D4;
	1FBF  :   A6;
	1FC0  :   20;
	1FC1  :   C1;
	1FC2  :   D1;
	1FC3  :   E1;
	1FC4  :   F7;
	1FC5  :   11;
	1FC6  :   8B;
	1FC7  :   D6;
	1FC8  :   01;
	1FC9  :   00;
	1FCA  :   0C;
	1FCB  :   3A;
	1FCC  :   32;
	1FCD  :   D6;
	1FCE  :   B7;
	1FCF  :   28;
	1FD0  :   01;
	1FD1  :   0D;
	1FD2  :   1A;
	1FD3  :   13;
	1FD4  :   A9;
	1FD5  :   77;
	1FD6  :   CB;
	1FD7  :   05;
	1FD8  :   2C;
	1FD9  :   CB;
	1FDA  :   0D;
	1FDB  :   10;
	1FDC  :   F5;
	1FDD  :   C9;
	1FDE  :   FE;
	1FDF  :   C0;
	1FE0  :   30;
	1FE1  :   23;
	1FE2  :   D6;
	1FE3  :   80;
	1FE4  :   5F;
	1FE5  :   16;
	1FE6  :   00;
	1FE7  :   2A;
	1FE8  :   00;
	1FE9  :   D6;
	1FEA  :   7D;
	1FEB  :   B4;
	1FEC  :   28;
	1FED  :   D3;
	1FEE  :   EB;
	[1FEF..1FF0]  :   29;
	1FF1  :   44;
	1FF2  :   4D;
	1FF3  :   29;
	1FF4  :   09;
	1FF5  :   19;
	1FF6  :   11;
	1FF7  :   8B;
	1FF8  :   D6;
	1FF9  :   06;
	1FFA  :   0C;
	1FFB  :   CD;
	1FFC  :   12;
	1FFD  :   D5;
	1FFE  :   23;
	1FFF  :   12;
	2000  :   13;
	2001  :   10;
	2002  :   F8;
	2003  :   18;
	2004  :   BC;
	2005  :   0E;
	2006  :   3F;
	2007  :   FE;
	2008  :   E0;
	2009  :   38;
	200A  :   02;
	200B  :   0E;
	200C  :   1F;
	200D  :   E6;
	200E  :   1F;
	200F  :   5F;
	2010  :   16;
	2011  :   00;
	2012  :   21;
	2013  :   CD;
	2014  :   27;
	2015  :   19;
	2016  :   7E;
	2017  :   B7;
	2018  :   28;
	2019  :   A7;
	201A  :   F5;
	201B  :   E6;
	201C  :   1F;
	201D  :   28;
	201E  :   04;
	201F  :   81;
	2020  :   CD;
	2021  :   A6;
	2022  :   20;
	2023  :   F1;
	[2024..2027]  :   0F;
	2028  :   E6;
	2029  :   0E;
	202A  :   5F;
	202B  :   16;
	202C  :   00;
	202D  :   21;
	202E  :   BD;
	202F  :   27;
	2030  :   19;
	2031  :   11;
	2032  :   94;
	2033  :   D6;
	2034  :   01;
	2035  :   02;
	2036  :   00;
	2037  :   ED;
	2038  :   B0;
	2039  :   18;
	203A  :   86;
	203B  :   F7;
	203C  :   06;
	203D  :   0C;
	203E  :   7E;
	203F  :   2F;
	2040  :   77;
	2041  :   CB;
	2042  :   05;
	2043  :   2C;
	2044  :   CB;
	2045  :   0D;
	2046  :   10;
	2047  :   F6;
	2048  :   21;
	2049  :   2E;
	204A  :   D6;
	204B  :   7E;
	204C  :   EE;
	204D  :   01;
	204E  :   77;
	204F  :   C9;
	2050  :   E5;
	2051  :   D5;
	2052  :   C5;
	2053  :   21;
	2054  :   8B;
	2055  :   D6;
	2056  :   11;
	2057  :   8C;
	2058  :   D6;
	2059  :   01;
	205A  :   0B;
	205B  :   00;
	205C  :   3A;
	205D  :   32;
	205E  :   D6;
	205F  :   B7;
	2060  :   28;
	2061  :   02;
	2062  :   3E;
	2063  :   FF;
	2064  :   77;
	2065  :   ED;
	2066  :   B0;
	2067  :   C1;
	2068  :   D1;
	2069  :   E1;
	206A  :   F7;
	206B  :   EB;
	206C  :   E5;
	206D  :   D5;
	206E  :   21;
	206F  :   8B;
	2070  :   D6;
	2071  :   01;
	2072  :   06;
	2073  :   00;
	2074  :   ED;
	2075  :   B0;
	2076  :   7B;
	2077  :   D6;
	2078  :   85;
	2079  :   5F;
	207A  :   0E;
	207B  :   06;
	207C  :   ED;
	207D  :   B0;
	207E  :   D1;
	207F  :   E1;
	2080  :   15;
	2081  :   2D;
	2082  :   20;
	2083  :   E8;
	2084  :   C9;
	2085  :   CD;
	2086  :   73;
	2087  :   00;
	2088  :   EB;
	2089  :   41;
	208A  :   E5;
	208B  :   D5;
	208C  :   C5;
	208D  :   01;
	208E  :   06;
	208F  :   00;
	2090  :   ED;
	2091  :   B0;
	2092  :   7D;
	2093  :   D6;
	2094  :   85;
	2095  :   6F;
	2096  :   7B;
	2097  :   D6;
	2098  :   85;
	2099  :   5F;
	209A  :   0E;
	209B  :   06;
	209C  :   ED;
	209D  :   B0;
	209E  :   C1;
	209F  :   D1;
	20A0  :   E1;
	20A1  :   25;
	20A2  :   15;
	20A3  :   10;
	20A4  :   E5;
	20A5  :   C9;
	20A6  :   5F;
	20A7  :   16;
	20A8  :   00;
	20A9  :   62;
	20AA  :   6B;
	20AB  :   29;
	20AC  :   19;
	20AD  :   29;
	20AE  :   19;
	20AF  :   11;
	20B0  :   24;
	20B1  :   25;
	20B2  :   19;
	20B3  :   11;
	20B4  :   8D;
	20B5  :   D6;
	20B6  :   01;
	20B7  :   07;
	20B8  :   00;
	20B9  :   CB;
	20BA  :   46;
	20BB  :   28;
	20BC  :   02;
	[20BD..20BE]  :   1B;
	20BF  :   D5;
	20C0  :   ED;
	20C1  :   B0;
	20C2  :   FE;
	20C3  :   49;
	20C4  :   20;
	20C5  :   04;
	20C6  :   13;
	20C7  :   3E;
	20C8  :   18;
	20C9  :   12;
	20CA  :   E1;
	20CB  :   CB;
	20CC  :   86;
	20CD  :   C9;
	20CE  :   CD;
	20CF  :   C1;
	20D0  :   D5;
	20D1  :   CD;
	20D2  :   12;
	20D3  :   D5;
	20D4  :   FE;
	20D5  :   23;
	20D6  :   20;
	20D7  :   03;
	20D8  :   CB;
	20D9  :   D0;
	20DA  :   23;
	20DB  :   CB;
	20DC  :   E8;
	20DD  :   C5;
	20DE  :   D5;
	20DF  :   11;
	20E0  :   97;
	20E1  :   D6;
	20E2  :   01;
	20E3  :   20;
	20E4  :   0C;
	20E5  :   CD;
	20E6  :   0A;
	20E7  :   21;
	20E8  :   23;
	20E9  :   28;
	20EA  :   01;
	20EB  :   E3;
	20EC  :   06;
	20ED  :   03;
	20EE  :   3E;
	20EF  :   2E;
	20F0  :   12;
	20F1  :   13;
	20F2  :   CD;
	20F3  :   0A;
	20F4  :   21;
	20F5  :   EB;
	20F6  :   D1;
	20F7  :   71;
	20F8  :   23;
	20F9  :   71;
	20FA  :   23;
	20FB  :   36;
	20FC  :   31;
	20FD  :   23;
	20FE  :   AF;
	20FF  :   77;
	2100  :   23;
	2101  :   77;
	2102  :   23;
	2103  :   77;
	2104  :   23;
	2105  :   C1;
	2106  :   71;
	2107  :   23;
	2108  :   70;
	2109  :   C9;
	210A  :   CD;
	210B  :   12;
	210C  :   D5;
	210D  :   23;
	210E  :   FE;
	210F  :   2E;
	2110  :   F5;
	2111  :   28;
	2112  :   03;
	2113  :   B9;
	2114  :   30;
	2115  :   02;
	2116  :   2B;
	2117  :   79;
	2118  :   12;
	2119  :   13;
	211A  :   F1;
	211B  :   10;
	211C  :   ED;
	211D  :   C9;
	211E  :   CD;
	211F  :   AD;
	2120  :   22;
	2121  :   21;
	2122  :   97;
	2123  :   D6;
	2124  :   AF;
	2125  :   CD;
	2126  :   C9;
	2127  :   22;
	2128  :   CD;
	2129  :   E2;
	212A  :   22;
	212B  :   21;
	212C  :   AF;
	212D  :   D6;
	212E  :   E5;
	212F  :   01;
	2130  :   17;
	2131  :   00;
	2132  :   3E;
	2133  :   48;
	2134  :   CD;
	2135  :   EA;
	2136  :   22;
	2137  :   E1;
	2138  :   20;
	2139  :   58;
	213A  :   11;
	213B  :   97;
	213C  :   D6;
	213D  :   06;
	213E  :   13;
	213F  :   1A;
	2140  :   FE;
	[2141..2142]  :   20;
	2143  :   06;
	2144  :   80;
	2145  :   FE;
	2146  :   24;
	2147  :   30;
	2148  :   04;
	2149  :   90;
	214A  :   BE;
	214B  :   20;
	214C  :   39;
	214D  :   23;
	214E  :   13;
	214F  :   10;
	2150  :   EE;
	2151  :   2A;
	2152  :   BE;
	2153  :   D4;
	2154  :   ED;
	2155  :   4B;
	2156  :   C3;
	2157  :   D6;
	2158  :   3E;
	2159  :   44;
	215A  :   CD;
	215B  :   EA;
	215C  :   22;
	215D  :   20;
	215E  :   33;
	215F  :   21;
	2160  :   AF;
	2161  :   D6;
	2162  :   11;
	2163  :   97;
	2164  :   D6;
	2165  :   01;
	2166  :   10;
	2167  :   00;
	2168  :   ED;
	2169  :   B0;
	216A  :   DF;
	216B  :   1D;
	216C  :   DF;
	216D  :   1E;
	216E  :   21;
	216F  :   AE;
	2170  :   D6;
	2171  :   CB;
	2172  :   DE;
	2173  :   CB;
	2174  :   46;
	2175  :   C4;
	2176  :   D6;
	2177  :   22;
	2178  :   CD;
	2179  :   B8;
	217A  :   22;
	217B  :   F1;
	217C  :   C1;
	217D  :   D1;
	217E  :   E1;
	217F  :   D9;
	2180  :   08;
	2181  :   AF;
	2182  :   C1;
	2183  :   D1;
	2184  :   E1;
	2185  :   C9;
	2186  :   21;
	2187  :   AF;
	2188  :   D6;
	2189  :   3E;
	218A  :   14;
	218B  :   CD;
	218C  :   C9;
	218D  :   22;
	218E  :   DF;
	218F  :   07;
	2190  :   18;
	2191  :   96;
	2192  :   21;
	2193  :   CE;
	2194  :   23;
	2195  :   06;
	2196  :   0F;
	2197  :   3E;
	2198  :   14;
	2199  :   CD;
	219A  :   CB;
	219B  :   22;
	219C  :   18;
	219D  :   F0;
	219E  :   CD;
	219F  :   C4;
	21A0  :   D5;
	21A1  :   E5;
	21A2  :   21;
	21A3  :   AE;
	21A4  :   D6;
	21A5  :   CB;
	21A6  :   56;
	21A7  :   20;
	21A8  :   35;
	21A9  :   CB;
	21AA  :   5E;
	21AB  :   28;
	21AC  :   24;
	21AD  :   2A;
	21AE  :   C3;
	21AF  :   D6;
	21B0  :   7C;
	21B1  :   B5;
	21B2  :   28;
	21B3  :   17;
	21B4  :   2B;
	21B5  :   22;
	21B6  :   C3;
	21B7  :   D6;
	21B8  :   2A;
	21B9  :   AB;
	21BA  :   D6;
	21BB  :   23;
	21BC  :   22;
	21BD  :   AB;
	21BE  :   D6;
	21BF  :   2B;
	21C0  :   D5;
	21C1  :   ED;
	21C2  :   5B;
	21C3  :   BE;
	21C4  :   D4;
	21C5  :   19;
	21C6  :   D1;
	21C7  :   AF;
	21C8  :   7E;
	21C9  :   E1;
	21CA  :   C9;
	21CB  :   3A;
	21CC  :   C2;
	21CD  :   D6;
	21CE  :   B7;
	21CF  :   3E;
	21D0  :   00;
	21D1  :   CC;
	21D2  :   1E;
	[21D3..21D4]  :   21;
	[21D5..21D6]  :   00;
	21D7  :   22;
	21D8  :   AB;
	21D9  :   D6;
	21DA  :   28;
	21DB  :   D1;
	21DC  :   E1;
	21DD  :   C9;
	21DE  :   F3;
	21DF  :   C5;
	21E0  :   3E;
	21E1  :   04;
	21E2  :   D3;
	21E3  :   03;
	21E4  :   26;
	21E5  :   FF;
	21E6  :   CB;
	21E7  :   76;
	21E8  :   28;
	21E9  :   FC;
	21EA  :   CB;
	21EB  :   76;
	21EC  :   20;
	21ED  :   FC;
	21EE  :   0E;
	21EF  :   80;
	21F0  :   3A;
	21F1  :   C6;
	21F2  :   D4;
	21F3  :   47;
	21F4  :   10;
	21F5  :   FE;
	21F6  :   3A;
	21F7  :   C7;
	21F8  :   D4;
	21F9  :   47;
	21FA  :   7E;
	[21FB..21FC]  :   07;
	21FD  :   CB;
	21FE  :   19;
	21FF  :   30;
	2200  :   F3;
	2201  :   10;
	2202  :   FE;
	2203  :   7E;
	2204  :   2F;
	2205  :   CB;
	2206  :   77;
	2207  :   3A;
	2208  :   27;
	2209  :   D6;
	220A  :   D3;
	220B  :   03;
	220C  :   79;
	220D  :   C1;
	220E  :   E1;
	220F  :   C9;
	2210  :   6F;
	2211  :   26;
	2212  :   FF;
	2213  :   F3;
	2214  :   C5;
	2215  :   D5;
	2216  :   4D;
	2217  :   ED;
	2218  :   5B;
	2219  :   C8;
	221A  :   D4;
	221B  :   AF;
	221C  :   D3;
	221D  :   03;
	221E  :   9F;
	221F  :   E6;
	2220  :   06;
	2221  :   F6;
	2222  :   09;
	2223  :   D3;
	2224  :   0A;
	2225  :   43;
	2226  :   10;
	2227  :   FE;
	2228  :   CB;
	2229  :   2C;
	222A  :   CB;
	222B  :   1D;
	222C  :   15;
	222D  :   20;
	222E  :   EF;
	222F  :   D1;
	2230  :   18;
	2231  :   D5;
	2232  :   CD;
	2233  :   C7;
	2234  :   D5;
	2235  :   E5;
	2236  :   21;
	2237  :   AE;
	2238  :   D6;
	2239  :   CB;
	223A  :   E6;
	223B  :   CB;
	223C  :   56;
	223D  :   20;
	223E  :   D1;
	223F  :   2A;
	2240  :   AB;
	2241  :   D6;
	2242  :   CB;
	2243  :   54;
	2244  :   20;
	2245  :   0F;
	2246  :   23;
	2247  :   22;
	2248  :   AB;
	2249  :   D6;
	224A  :   2B;
	224B  :   D5;
	224C  :   ED;
	224D  :   5B;
	224E  :   BE;
	224F  :   D4;
	2250  :   19;
	2251  :   D1;
	2252  :   77;
	2253  :   E1;
	2254  :   C9;
	2255  :   F5;
	2256  :   CD;
	2257  :   74;
	2258  :   22;
	2259  :   F1;
	225A  :   18;
	225B  :   E3;
	225C  :   CD;
	225D  :   CA;
	225E  :   D5;
	225F  :   E5;
	2260  :   21;
	2261  :   AE;
	2262  :   D6;
	2263  :   CB;
	2264  :   66;
	2265  :   28;
	2266  :   A7;
	2267  :   CB;
	2268  :   56;
	2269  :   21;
	226A  :   00;
	226B  :   FE;
	226C  :   20;
	226D  :   A5;
	226E  :   E1;
	226F  :   3E;
	2270  :   FF;
	2271  :   32;
	2272  :   AA;
	2273  :   D6;
	2274  :   CD;
	2275  :   AD;
	2276  :   22;
	2277  :   CD;
	2278  :   E2;
	2279  :   22;
	227A  :   F3;
	227B  :   21;
	227C  :   AE;
	227D  :   D6;
	227E  :   01;
	227F  :   80;
	2280  :   00;
	2281  :   7E;
	2282  :   E6;
	2283  :   22;
	2284  :   CB;
	2285  :   AE;
	2286  :   28;
	2287  :   01;
	2288  :   04;
	2289  :   CD;
	228A  :   82;
	228B  :   23;
	228C  :   21;
	228D  :   97;
	228E  :   D6;
	228F  :   01;
	2290  :   17;
	2291  :   00;
	2292  :   3E;
	2293  :   48;
	2294  :   CD;
	2295  :   6A;
	2296  :   23;
	2297  :   2A;
	2298  :   BE;
	2299  :   D4;
	229A  :   ED;
	229B  :   4B;
	229C  :   AB;
	229D  :   D6;
	229E  :   3E;
	229F  :   44;
	22A0  :   CD;
	22A1  :   6A;
	22A2  :   23;
	22A3  :   FB;
	22A4  :   21;
	[22A5..22A6]  :   00;
	22A7  :   22;
	22A8  :   AB;
	22A9  :   D6;
	22AA  :   C3;
	22AB  :   6E;
	22AC  :   21;
	22AD  :   E3;
	22AE  :   D5;
	22AF  :   C5;
	22B0  :   D9;
	22B1  :   08;
	22B2  :   E5;
	22B3  :   D5;
	22B4  :   C5;
	22B5  :   F5;
	22B6  :   D9;
	22B7  :   E9;
	22B8  :   21;
	22B9  :   A9;
	22BA  :   D6;
	22BB  :   34;
	22BC  :   7E;
	22BD  :   FE;
	22BE  :   31;
	22BF  :   38;
	22C0  :   FA;
	22C1  :   FE;
	22C2  :   3A;
	22C3  :   D8;
	22C4  :   36;
	22C5  :   30;
	22C6  :   2B;
	22C7  :   18;
	22C8  :   F2;
	22C9  :   06;
	22CA  :   13;
	22CB  :   DF;
	22CC  :   02;
	22CD  :   D7;
	22CE  :   7E;
	22CF  :   23;
	22D0  :   D7;
	22D1  :   10;
	22D2  :   FB;
	22D3  :   DF;
	22D4  :   1E;
	22D5  :   C9;
	22D6  :   CD;
	22D7  :   79;
	[22D8..22DB]  :   00;
	22DC  :   32;
	22DD  :   28;
	22DE  :   D6;
	22DF  :   D3;
	22E0  :   0A;
	22E1  :   C9;
	22E2  :   CD;
	22E3  :   76;
	[22E4..22E7]  :   00;
	22E8  :   18;
	22E9  :   F2;
	22EA  :   32;
	22EB  :   C6;
	22EC  :   D6;
	22ED  :   3A;
	22EE  :   27;
	22EF  :   D6;
	22F0  :   F5;
	22F1  :   C5;
	22F2  :   E5;
	22F3  :   37;
	22F4  :   08;
	22F5  :   21;
	22F6  :   27;
	22F7  :   D6;
	22F8  :   7E;
	22F9  :   F6;
	22FA  :   05;
	22FB  :   77;
	22FC  :   D3;
	22FD  :   03;
	22FE  :   11;
	22FF  :   32;
	2300  :   00;
	2301  :   26;
	2302  :   FF;
	2303  :   FB;
	2304  :   76;
	2305  :   F3;
	2306  :   3D;
	2307  :   D3;
	2308  :   03;
	2309  :   1B;
	230A  :   CD;
	230B  :   52;
	230C  :   23;
	230D  :   38;
	230E  :   FA;
	230F  :   CB;
	2310  :   7A;
	2311  :   28;
	2312  :   E0;
	2313  :   57;
	2314  :   08;
	2315  :   D9;
	2316  :   CD;
	2317  :   3A;
	2318  :   23;
	2319  :   2A;
	231A  :   C6;
	231B  :   D6;
	231C  :   BD;
	231D  :   20;
	231E  :   D4;
	231F  :   08;
	2320  :   16;
	2321  :   00;
	2322  :   E1;
	2323  :   C1;
	2324  :   CD;
	2325  :   3A;
	2326  :   23;
	2327  :   77;
	2328  :   82;
	2329  :   57;
	232A  :   ED;
	232B  :   A1;
	232C  :   EA;
	232D  :   24;
	232E  :   23;
	232F  :   CD;
	2330  :   3A;
	2331  :   23;
	2332  :   BA;
	2333  :   21;
	2334  :   27;
	2335  :   D6;
	2336  :   C1;
	2337  :   70;
	2338  :   FF;
	2339  :   C9;
	233A  :   D9;
	233B  :   CD;
	233C  :   52;
	233D  :   23;
	233E  :   DC;
	233F  :   52;
	2340  :   23;
	2341  :   1E;
	2342  :   80;
	2343  :   CD;
	2344  :   52;
	2345  :   23;
	2346  :   DC;
	2347  :   52;
	2348  :   23;
	2349  :   AA;
	234A  :   07;
	234B  :   CB;
	234C  :   1B;
	234D  :   30;
	234E  :   F4;
	234F  :   7B;
	2350  :   D9;
	2351  :   C9;
	2352  :   06;
	2353  :   0E;
	2354  :   CD;
	2355  :   C2;
	2356  :   23;
	2357  :   06;
	2358  :   25;
	2359  :   7E;
	235A  :   AD;
	235B  :   FA;
	235C  :   B9;
	235D  :   23;
	235E  :   10;
	235F  :   F9;
	2360  :   D1;
	2361  :   08;
	2362  :   38;
	2363  :   8F;
	2364  :   D1;
	2365  :   20;
	2366  :   8C;
	2367  :   B4;
	2368  :   18;
	2369  :   C9;
	236A  :   08;
	236B  :   D9;
	236C  :   11;
	236D  :   00;
	236E  :   03;
	236F  :   37;
	2370  :   CD;
	2371  :   A5;
	2372  :   23;
	2373  :   1B;
	2374  :   7A;
	2375  :   B3;
	2376  :   20;
	2377  :   F7;
	2378  :   CD;
	2379  :   A5;
	237A  :   23;
	237B  :   08;
	237C  :   D9;
	237D  :   CD;
	237E  :   92;
	237F  :   23;
	2380  :   16;
	2381  :   00;
	2382  :   7E;
	2383  :   CD;
	2384  :   92;
	2385  :   23;
	2386  :   7E;
	2387  :   82;
	2388  :   57;
	2389  :   ED;
	238A  :   A1;
	238B  :   EA;
	238C  :   82;
	238D  :   23;
	238E  :   7A;
	238F  :   CD;
	2390  :   92;
	2391  :   23;
	2392  :   D9;
	2393  :   5F;
	2394  :   1F;
	2395  :   3F;
	2396  :   CD;
	2397  :   A5;
	2398  :   23;
	2399  :   37;
	239A  :   CB;
	239B  :   1B;
	239C  :   CD;
	239D  :   A5;
	239E  :   23;
	239F  :   CB;
	23A0  :   3B;
	23A1  :   20;
	23A2  :   F9;
	23A3  :   D9;
	23A4  :   C9;
	23A5  :   9F;
	23A6  :   E6;
	23A7  :   08;
	23A8  :   6F;
	23A9  :   06;
	23AA  :   19;
	23AB  :   CD;
	23AC  :   C2;
	23AD  :   23;
	23AE  :   7D;
	23AF  :   D3;
	23B0  :   03;
	23B1  :   EE;
	23B2  :   08;
	23B3  :   06;
	23B4  :   1F;
	23B5  :   10;
	23B6  :   FE;
	23B7  :   D3;
	23B8  :   03;
	23B9  :   3E;
	23BA  :   1A;
	23BB  :   B8;
	23BC  :   ED;
	23BD  :   5F;
	23BE  :   4F;
	23BF  :   7E;
	23C0  :   6F;
	23C1  :   C9;
	23C2  :   ED;
	23C3  :   5F;
	23C4  :   91;
	23C5  :   E6;
	23C6  :   7F;
	23C7  :   CB;
	23C8  :   3F;
	23C9  :   90;
	23CA  :   3C;
	23CB  :   20;
	23CC  :   FD;
	23CD  :   C9;
	23CE  :   43;
	23CF  :   68;
	23D0  :   79;
	23D1  :   62;
	23D2  :   61;
	23D3  :   20;
	23D4  :   70;
	23D5  :   D2;
	23D6  :   69;
	23D7  :   20;
	23D8  :   C3;
	23D9  :   74;
	23DA  :   65;
	23DB  :   6E;
	23DC  :   C9;
	23DD  :   E5;
	23DE  :   01;
	23DF  :   DE;
	23E0  :   23;
	23E1  :   C5;
	23E2  :   CD;
	23E3  :   1E;
	23E4  :   24;
	23E5  :   FE;
	23E6  :   80;
	23E7  :   28;
	23E8  :   16;
	23E9  :   FE;
	23EA  :   83;
	23EB  :   28;
	23EC  :   16;
	23ED  :   FE;
	23EE  :   0D;
	23EF  :   28;
	23F0  :   17;
	23F1  :   FE;
	23F2  :   84;
	23F3  :   28;
	23F4  :   07;
	23F5  :   FE;
	23F6  :   1F;
	23F7  :   C2;
	23F8  :   B8;
	23F9  :   D5;
	23FA  :   D7;
	23FB  :   C9;
	23FC  :   DF;
	23FD  :   1C;
	23FE  :   C9;
	23FF  :   DF;
	2400  :   17;
	2401  :   18;
	2402  :   02;
	2403  :   DF;
	2404  :   0A;
	2405  :   C3;
	2406  :   A5;
	2407  :   24;
	[2408..2409]  :   C1;
	240A  :   C5;
	240B  :   2A;
	240C  :   C8;
	240D  :   D6;
	240E  :   EF;
	240F  :   02;
	2410  :   28;
	2411  :   06;
	2412  :   03;
	2413  :   CD;
	2414  :   09;
	2415  :   1E;
	2416  :   18;
	2417  :   F6;
	2418  :   DF;
	2419  :   06;
	241A  :   DF;
	241B  :   0D;
	241C  :   E1;
	241D  :   C9;
	241E  :   DF;
	241F  :   0E;
	2420  :   2A;
	2421  :   36;
	2422  :   D6;
	2423  :   E5;
	2424  :   DF;
	2425  :   05;
	2426  :   2A;
	2427  :   36;
	2428  :   D6;
	2429  :   22;
	242A  :   C8;
	242B  :   D6;
	242C  :   DF;
	242D  :   06;
	242E  :   2A;
	242F  :   36;
	2430  :   D6;
	2431  :   22;
	2432  :   CA;
	2433  :   D6;
	2434  :   E1;
	2435  :   E7;
	2436  :   01;
	2437  :   36;
	2438  :   24;
	2439  :   C5;
	243A  :   CD;
	243B  :   06;
	243C  :   1D;
	243D  :   CD;
	243E  :   AC;
	243F  :   1A;
	2440  :   4F;
	2441  :   E6;
	2442  :   7F;
	2443  :   FE;
	2444  :   20;
	2445  :   79;
	2446  :   DA;
	2447  :   C6;
	2448  :   24;
	2449  :   3A;
	244A  :   CA;
	244B  :   D6;
	244C  :   3C;
	244D  :   BB;
	244E  :   38;
	244F  :   2B;
	2450  :   3A;
	2451  :   CB;
	2452  :   D6;
	2453  :   3C;
	2454  :   BA;
	2455  :   38;
	2456  :   16;
	2457  :   3A;
	2458  :   C9;
	2459  :   D6;
	245A  :   B7;
	245B  :   C8;
	245C  :   E5;
	245D  :   DF;
	245E  :   01;
	245F  :   AF;
	2460  :   D7;
	2461  :   DF;
	2462  :   15;
	2463  :   21;
	2464  :   C9;
	2465  :   D6;
	2466  :   35;
	2467  :   21;
	2468  :   CB;
	2469  :   D6;
	246A  :   35;
	246B  :   E1;
	246C  :   25;
	246D  :   E5;
	246E  :   2A;
	246F  :   CA;
	2470  :   D6;
	2471  :   CD;
	2472  :   09;
	2473  :   1E;
	2474  :   EF;
	2475  :   28;
	2476  :   03;
	2477  :   E7;
	2478  :   DF;
	2479  :   16;
	247A  :   E1;
	247B  :   E5;
	247C  :   2A;
	247D  :   CA;
	247E  :   D6;
	247F  :   CD;
	2480  :   09;
	2481  :   1E;
	2482  :   22;
	2483  :   CA;
	2484  :   D6;
	2485  :   E1;
	2486  :   E7;
	2487  :   DF;
	2488  :   14;
	2489  :   79;
	248A  :   D7;
	248B  :   7D;
	248C  :   3C;
	248D  :   BB;
	248E  :   D8;
	248F  :   DF;
	2490  :   0D;
	2491  :   C9;
	2492  :   3A;
	2493  :   C9;
	2494  :   D6;
	2495  :   BC;
	2496  :   28;
	2497  :   52;
	2498  :   DF;
	2499  :   17;
	249A  :   C9;
	249B  :   3A;
	249C  :   CB;
	249D  :   D6;
	249E  :   94;
	249F  :   28;
	24A0  :   49;
	24A1  :   DF;
	24A2  :   1A;
	24A3  :   3D;
	24A4  :   C0;
	24A5  :   2A;
	24A6  :   36;
	24A7  :   D6;
	24A8  :   EF;
	24A9  :   C0;
	24AA  :   E7;
	24AB  :   7D;
	24AC  :   B7;
	24AD  :   C8;
	24AE  :   CD;
	24AF  :   E2;
	24B0  :   1D;
	24B1  :   18;
	24B2  :   F5;
	24B3  :   E5;
	24B4  :   E7;
	24B5  :   DF;
	24B6  :   1E;
	24B7  :   2E;
	24B8  :   00;
	24B9  :   3A;
	24BA  :   CB;
	24BB  :   D6;
	24BC  :   24;
	24BD  :   BC;
	24BE  :   30;
	24BF  :   F4;
	24C0  :   E1;
	24C1  :   22;
	24C2  :   CA;
	24C3  :   D6;
	24C4  :   E7;
	24C5  :   C9;
	24C6  :   FE;
	24C7  :   81;
	24C8  :   28;
	24C9  :   23;
	24CA  :   FE;
	24CB  :   82;
	24CC  :   28;
	24CD  :   2A;
	24CE  :   FE;
	24CF  :   1C;
	24D0  :   28;
	24D1  :   3C;
	24D2  :   FE;
	24D3  :   1D;
	24D4  :   28;
	24D5  :   2F;
	24D6  :   FE;
	24D7  :   85;
	24D8  :   28;
	24D9  :   44;
	24DA  :   FE;
	24DB  :   86;
	24DC  :   28;
	24DD  :   43;
	24DE  :   FE;
	24DF  :   1E;
	24E0  :   28;
	24E1  :   D1;
	24E2  :   FE;
	24E3  :   80;
	24E4  :   28;
	24E5  :   AC;
	24E6  :   FE;
	24E7  :   83;
	24E8  :   28;
	24E9  :   B1;
	24EA  :   79;
	24EB  :   C1;
	24EC  :   C9;
	24ED  :   DF;
	24EE  :   18;
	24EF  :   C9;
	24F0  :   7D;
	24F1  :   B7;
	24F2  :   C0;
	24F3  :   3A;
	24F4  :   C9;
	24F5  :   D6;
	24F6  :   BC;
	24F7  :   C9;
	24F8  :   DF;
	24F9  :   19;
	24FA  :   C9;
	24FB  :   3A;
	24FC  :   CB;
	24FD  :   D6;
	24FE  :   BC;
	24FF  :   C0;
	2500  :   3A;
	2501  :   CA;
	2502  :   D6;
	2503  :   BD;
	2504  :   C9;
	2505  :   CD;
	2506  :   F0;
	2507  :   24;
	2508  :   C8;
	2509  :   DF;
	250A  :   18;
	250B  :   2A;
	250C  :   36;
	250D  :   D6;
	250E  :   CD;
	250F  :   FB;
	2510  :   24;
	2511  :   C8;
	2512  :   DF;
	2513  :   13;
	2514  :   2A;
	2515  :   CA;
	2516  :   D6;
	2517  :   CD;
	2518  :   E2;
	2519  :   1D;
	251A  :   22;
	251B  :   CA;
	251C  :   D6;
	251D  :   C9;
	251E  :   DF;
	251F  :   05;
	2520  :   C9;
	2521  :   DF;
	2522  :   06;
	2523  :   C9;
	2524  :   30;
	2525  :   00;
	[2526..2527]  :   30;
	[2528..2529]  :   78;
	252A  :   30;
	[252B..252E]  :   00;
	[252F..2533]  :   6C;
	2534  :   FE;
	2535  :   6C;
	2536  :   FE;
	[2537..2538]  :   6C;
	2539  :   30;
	253A  :   F8;
	253B  :   0C;
	253C  :   78;
	253D  :   C0;
	253E  :   7C;
	253F  :   30;
	2540  :   C6;
	2541  :   66;
	2542  :   30;
	2543  :   18;
	2544  :   CC;
	2545  :   C6;
	2546  :   00;
	2547  :   76;
	2548  :   CC;
	2549  :   DC;
	254A  :   76;
	254B  :   38;
	254C  :   6C;
	254D  :   38;
	[254E..2551]  :   00;
	2552  :   60;
	[2553..2554]  :   30;
	2555  :   18;
	2556  :   30;
	[2557..2559]  :   60;
	255A  :   30;
	255B  :   18;
	255C  :   60;
	255D  :   30;
	[255E..2560]  :   18;
	2561  :   30;
	2562  :   60;
	2563  :   00;
	2564  :   6C;
	2565  :   38;
	2566  :   FE;
	2567  :   38;
	2568  :   6C;
	[2569..256A]  :   00;
	[256B..256C]  :   30;
	256D  :   FC;
	[256E..256F]  :   30;
	2570  :   00;
	2571  :   61;
	[2572..2573]  :   30;
	[2574..257A]  :   00;
	257B  :   FC;
	[257C..257E]  :   00;
	[257F..2580]  :   30;
	[2581..2586]  :   00;
	2587  :   C0;
	2588  :   60;
	2589  :   30;
	258A  :   18;
	258B  :   0C;
	258C  :   06;
	258D  :   78;
	258E  :   CC;
	258F  :   EC;
	2590  :   FC;
	2591  :   DC;
	2592  :   CC;
	2593  :   78;
	2594  :   FC;
	[2595..2597]  :   30;
	2598  :   F0;
	2599  :   70;
	259A  :   30;
	259B  :   FC;
	259C  :   CC;
	259D  :   60;
	259E  :   38;
	259F  :   0C;
	25A0  :   CC;
	[25A1..25A2]  :   78;
	25A3  :   CC;
	25A4  :   0C;
	25A5  :   38;
	25A6  :   0C;
	25A7  :   CC;
	25A8  :   78;
	25A9  :   1E;
	25AA  :   0C;
	25AB  :   FE;
	25AC  :   CC;
	25AD  :   6C;
	25AE  :   3C;
	25AF  :   1C;
	25B0  :   78;
	25B1  :   CC;
	[25B2..25B3]  :   0C;
	25B4  :   F8;
	25B5  :   C0;
	25B6  :   FC;
	25B7  :   78;
	[25B8..25B9]  :   CC;
	25BA  :   F8;
	25BB  :   C0;
	25BC  :   60;
	25BD  :   38;
	[25BE..25C0]  :   30;
	25C1  :   7C;
	25C2  :   18;
	25C3  :   CC;
	25C4  :   FC;
	25C5  :   78;
	[25C6..25C7]  :   CC;
	25C8  :   78;
	[25C9..25CA]  :   CC;
	25CB  :   78;
	25CC  :   70;
	25CD  :   18;
	25CE  :   0C;
	25CF  :   7C;
	[25D0..25D1]  :   CC;
	25D2  :   78;
	[25D3..25D4]  :   30;
	[25D5..25D6]  :   00;
	[25D7..25D8]  :   30;
	25D9  :   00;
	25DA  :   61;
	[25DB..25DC]  :   30;
	[25DD..25DE]  :   00;
	[25DF..25E0]  :   30;
	25E1  :   0C;
	25E2  :   18;
	25E3  :   30;
	25E4  :   60;
	25E5  :   30;
	25E6  :   18;
	25E7  :   0C;
	25E8  :   00;
	25E9  :   FC;
	[25EA..25EB]  :   00;
	25EC  :   FC;
	[25ED..25EE]  :   00;
	25EF  :   60;
	25F0  :   30;
	25F1  :   18;
	25F2  :   0C;
	25F3  :   18;
	25F4  :   30;
	25F5  :   60;
	25F6  :   30;
	25F7  :   00;
	25F8  :   30;
	25F9  :   18;
	25FA  :   0C;
	25FB  :   CC;
	25FC  :   78;
	25FD  :   7E;
	25FE  :   C0;
	25FF  :   DE;
	[2600..2601]  :   D6;
	2602  :   C6;
	2603  :   7C;
	[2604..2605]  :   C6;
	2606  :   FE;
	[2607..2608]  :   C6;
	2609  :   6C;
	260A  :   38;
	260B  :   FC;
	[260C..260D]  :   66;
	260E  :   7C;
	[260F..2610]  :   66;
	2611  :   FC;
	2612  :   7C;
	2613  :   C6;
	[2614..2616]  :   C0;
	2617  :   C6;
	2618  :   7C;
	2619  :   FC;
	[261A..261E]  :   66;
	261F  :   FC;
	2620  :   FE;
	2621  :   62;
	2622  :   68;
	2623  :   78;
	2624  :   68;
	2625  :   62;
	2626  :   FE;
	2627  :   F0;
	2628  :   60;
	2629  :   68;
	262A  :   78;
	262B  :   68;
	262C  :   62;
	262D  :   FE;
	262E  :   7C;
	262F  :   C6;
	2630  :   CE;
	[2631..2632]  :   C0;
	2633  :   C6;
	2634  :   7C;
	[2635..2637]  :   C6;
	2638  :   FE;
	[2639..263B]  :   C6;
	263C  :   3C;
	[263D..2641]  :   18;
	2642  :   3C;
	2643  :   78;
	[2644..2645]  :   CC;
	[2646..2648]  :   0C;
	2649  :   1E;
	264A  :   E6;
	264B  :   66;
	264C  :   6C;
	264D  :   78;
	264E  :   6C;
	264F  :   66;
	2650  :   E6;
	2651  :   FE;
	2652  :   66;
	[2653..2656]  :   60;
	2657  :   F0;
	[2658..2659]  :   C6;
	265A  :   D6;
	[265B..265C]  :   FE;
	265D  :   EE;
	[265E..2660]  :   C6;
	2661  :   CE;
	2662  :   DE;
	2663  :   F6;
	2664  :   E6;
	2665  :   C6;
	2666  :   7C;
	[2667..266B]  :   C6;
	266C  :   7C;
	266D  :   F0;
	[266E..266F]  :   60;
	2670  :   7C;
	[2671..2672]  :   66;
	2673  :   FC;
	2674  :   0E;
	2675  :   7C;
	2676  :   DE;
	[2677..2679]  :   C6;
	267A  :   7C;
	267B  :   E6;
	267C  :   66;
	267D  :   6C;
	267E  :   7C;
	[267F..2680]  :   66;
	2681  :   FC;
	2682  :   7C;
	2683  :   C6;
	2684  :   06;
	2685  :   7C;
	2686  :   C0;
	2687  :   C6;
	2688  :   7C;
	2689  :   78;
	[268A..268D]  :   30;
	268E  :   B4;
	268F  :   FC;
	2690  :   7C;
	[2691..2696]  :   C6;
	2697  :   10;
	2698  :   38;
	2699  :   6C;
	[269A..269E]  :   C6;
	269F  :   EE;
	26A0  :   FE;
	26A1  :   D6;
	[26A2..26A5]  :   C6;
	26A6  :   6C;
	[26A7..26A8]  :   38;
	26A9  :   6C;
	[26AA..26AB]  :   C6;
	26AC  :   78;
	[26AD..26AE]  :   30;
	26AF  :   78;
	[26B0..26B2]  :   CC;
	26B3  :   FE;
	26B4  :   66;
	26B5  :   32;
	26B6  :   18;
	26B7  :   8C;
	26B8  :   C6;
	26B9  :   FE;
	26BA  :   78;
	[26BB..26BF]  :   60;
	26C0  :   78;
	26C1  :   00;
	26C2  :   06;
	26C3  :   0C;
	26C4  :   18;
	26C5  :   30;
	26C6  :   60;
	26C7  :   C0;
	26C8  :   78;
	[26C9..26CD]  :   18;
	26CE  :   78;
	[26CF..26D2]  :   30;
	26D3  :   FC;
	26D4  :   78;
	26D5  :   30;
	26D6  :   FF;
	[26D7..26E0]  :   00;
	26E1  :   18;
	[26E2..26E3]  :   30;
	26E4  :   76;
	26E5  :   CC;
	26E6  :   7C;
	26E7  :   0C;
	26E8  :   78;
	[26E9..26EA]  :   00;
	26EB  :   DC;
	[26EC..26EE]  :   66;
	26EF  :   7C;
	26F0  :   60;
	26F1  :   E0;
	26F2  :   7C;
	26F3  :   C6;
	26F4  :   C0;
	26F5  :   C6;
	26F6  :   7C;
	[26F7..26F8]  :   00;
	26F9  :   76;
	[26FA..26FC]  :   CC;
	26FD  :   7C;
	26FE  :   0C;
	26FF  :   1C;
	2700  :   7C;
	2701  :   C0;
	2702  :   FE;
	2703  :   C6;
	2704  :   7C;
	[2705..2706]  :   00;
	2707  :   78;
	[2708..2709]  :   30;
	270A  :   78;
	270B  :   30;
	270C  :   36;
	270D  :   1C;
	270E  :   F9;
	270F  :   0C;
	2710  :   7C;
	[2711..2713]  :   CC;
	2714  :   76;
	2715  :   E6;
	[2716..2717]  :   66;
	2718  :   76;
	2719  :   6C;
	271A  :   60;
	271B  :   E0;
	271C  :   78;
	[271D..271F]  :   30;
	2720  :   70;
	2721  :   00;
	2722  :   30;
	2723  :   71;
	[2724..2728]  :   18;
	2729  :   38;
	272A  :   E6;
	272B  :   6C;
	272C  :   78;
	272D  :   6C;
	272E  :   66;
	272F  :   60;
	2730  :   E0;
	2731  :   78;
	[2732..2736]  :   30;
	2737  :   70;
	[2738..273A]  :   D6;
	273B  :   FE;
	273C  :   CC;
	[273D..273E]  :   00;
	[273F..2742]  :   C6;
	2743  :   FC;
	[2744..2745]  :   00;
	2746  :   7C;
	[2747..2749]  :   C6;
	274A  :   7C;
	[274B..274C]  :   00;
	274D  :   F1;
	274E  :   60;
	274F  :   7C;
	[2750..2752]  :   66;
	2753  :   DC;
	2754  :   1F;
	2755  :   0C;
	2756  :   7C;
	[2757..2759]  :   CC;
	275A  :   76;
	275B  :   F0;
	275C  :   60;
	275D  :   66;
	275E  :   76;
	275F  :   DC;
	[2760..2761]  :   00;
	2762  :   FC;
	2763  :   06;
	2764  :   7C;
	2765  :   C0;
	2766  :   7E;
	[2767..2768]  :   00;
	2769  :   18;
	276A  :   34;
	[276B..276C]  :   30;
	276D  :   78;
	[276E..276F]  :   30;
	2770  :   76;
	[2771..2774]  :   CC;
	[2775..2776]  :   00;
	2777  :   38;
	2778  :   6C;
	[2779..277B]  :   C6;
	[277C..277D]  :   00;
	277E  :   6C;
	[277F..2780]  :   FE;
	2781  :   D6;
	2782  :   C6;
	[2783..2784]  :   00;
	2785  :   C6;
	2786  :   6C;
	2787  :   38;
	2788  :   6C;
	2789  :   C6;
	[278A..278B]  :   00;
	278C  :   7D;
	278D  :   06;
	278E  :   7E;
	[278F..2792]  :   C6;
	2793  :   FE;
	2794  :   62;
	2795  :   10;
	2796  :   8C;
	2797  :   FE;
	[2798..2799]  :   00;
	279A  :   1C;
	[279B..279C]  :   30;
	279D  :   E0;
	[279E..279F]  :   30;
	27A0  :   1C;
	[27A1..27A3]  :   18;
	27A4  :   00;
	[27A5..27A7]  :   18;
	27A8  :   E0;
	[27A9..27AA]  :   30;
	27AB  :   1C;
	[27AC..27AD]  :   30;
	27AE  :   E0;
	[27AF..27B3]  :   00;
	27B4  :   DC;
	27B5  :   76;
	27B6  :   AA;
	27B7  :   55;
	27B8  :   AA;
	27B9  :   55;
	27BA  :   AA;
	27BB  :   55;
	27BC  :   AA;
	27BD  :   18;
	27BE  :   0C;
	27BF  :   18;
	[27C0..27C1]  :   66;
	27C2  :   33;
	27C3  :   30;
	27C4  :   18;
	[27C5..27C6]  :   30;
	27C7  :   82;
	27C8  :   7C;
	27C9  :   30;
	27CA  :   CC;
	27CB  :   60;
	27CC  :   C0;
	27CD  :   60;
	27CE  :   01;
	27CF  :   A2;
	27D0  :   23;
	27D1  :   C4;
	27D2  :   C5;
	27D3  :   12;
	27D4  :   A8;
	27D5  :   55;
	27D6  :   09;
	27D7  :   95;
	27D8  :   0C;
	27D9  :   2C;
	27DA  :   4F;
	27DB  :   CE;
	27DC  :   0F;
	27DD  :   AF;
	27DE  :   41;
	27DF  :   D2;
	27E0  :   D3;
	27E1  :   D4;
	27E2  :   75;
	27E3  :   2F;
	27E4  :   65;
	27E5  :   E1;
	27E6  :   79;
	27E7  :   DA;
	27E8  :   A7;
	27E9  :   C0;
	27EA  :   B0;
	27EB  :   80;
	27EC  :   B3;
	27ED  :   32;
	27EE  :   2E;
	27EF  :   37;
	27F0  :   28;
	27F1  :   43;
	27F2  :   29;
	27F3  :   31;
	27F4  :   39;
	27F5  :   38;
	27F6  :   37;
	27F7  :   20;
	27F8  :   56;
	27F9  :   69;
	27FA  :   4C;
	27FB  :   69;
	27FC  :   53;
	27FD  :   6F;
	27FE  :   66;
	27FF  :   74;
	2800  :   32;
	2801  :   DC;
	2802  :   DF;
	2803  :   C9;
	2804  :   F2;
	2805  :   69;
	2806  :   F8;
	2807  :   3C;
	2808  :   C3;
	2809  :   D3;
	280A  :   21;
	280B  :   1E;
	280C  :   04;
	280D  :   C4;
	280E  :   E3;
	280F  :   7C;
	[2810..2811]  :   7B;
	2812  :   56;
	2813  :   14;
	2814  :   92;
	2815  :   E3;
	2816  :   01;
	2817  :   3A;
	2818  :   0E;
	2819  :   00;
	281A  :   06;
	281B  :   9B;
	281C  :   79;
	281D  :   48;
	281E  :   47;
	281F  :   52;
	2820  :   CF;
	2821  :   FB;
	2822  :   B8;
	2823  :   14;
	2824  :   23;
	2825  :   54;
	2826  :   AE;
	2827  :   20;
	2828  :   0C;
	2829  :   B3;
	282A  :   3B;
	282B  :   0F;
	282C  :   22;
	282D  :   9E;
	282E  :   42;
	282F  :   9C;
	2830  :   87;
	2831  :   D8;
	2832  :   3A;
	2833  :   90;
	2834  :   40;
	2835  :   F5;
	2836  :   62;
	2837  :   79;
	2838  :   5D;
	2839  :   27;
	283A  :   D4;
	283B  :   A0;
	283C  :   F0;
	283D  :   D2;
	283E  :   D1;
	283F  :   F1;
	2840  :   D5;
	2841  :   1F;
	2842  :   FD;
	2843  :   C7;
	2844  :   27;
	2845  :   D3;
	2846  :   6A;
	2847  :   FC;
	2848  :   C1;
	2849  :   B3;
	284A  :   E5;
	284B  :   B7;
	284C  :   06;
	284D  :   7E;
	284E  :   B4;
	284F  :   D1;
	2850  :   98;
	2851  :   8A;
	2852  :   34;
	2853  :   D1;
	2854  :   D2;
	2855  :   5D;
	2856  :   22;
	[2857..2858]  :   F9;
	2859  :   EC;
	285A  :   5D;
	285B  :   6B;
	285C  :   62;
	285D  :   DC;
	285E  :   00;
	285F  :   2C;
	2860  :   1A;
	2861  :   F5;
	2862  :   AF;
	2863  :   12;
	2864  :   CD;
	2865  :   B2;
	2866  :   2D;
	2867  :   F1;
	2868  :   77;
	2869  :   EB;
	286A  :   0A;
	286B  :   5F;
	286C  :   92;
	286D  :   C5;
	286E  :   D0;
	286F  :   09;
	2870  :   AD;
	2871  :   4B;
	2872  :   8F;
	2873  :   34;
	2874  :   95;
	2875  :   5E;
	2876  :   06;
	2877  :   36;
	2878  :   7E;
	2879  :   47;
	287A  :   C0;
	287B  :   BE;
	287C  :   83;
	287D  :   45;
	287E  :   4B;
	287F  :   1C;
	2880  :   88;
	2881  :   2B;
	2882  :   4B;
	2883  :   0D;
	2884  :   78;
	2885  :   34;
	2886  :   BF;
	2887  :   3D;
	2888  :   06;
	2889  :   8E;
	288A  :   1F;
	288B  :   CA;
	288C  :   85;
	288D  :   DB;
	288E  :   32;
	288F  :   95;
	2890  :   21;
	2891  :   FA;
	2892  :   8E;
	2893  :   C2;
	2894  :   89;
	2895  :   07;
	2896  :   A5;
	2897  :   84;
	2898  :   D0;
	2899  :   FE;
	289A  :   CE;
	289B  :   CA;
	289C  :   A4;
	289D  :   22;
	289E  :   D6;
	289F  :   A1;
	28A0  :   B7;
	28A1  :   D2;
	28A2  :   16;
	28A3  :   F4;
	28A4  :   05;
	28A5  :   2A;
	28A6  :   41;
	28A7  :   88;
	28A8  :   E0;
	28A9  :   BE;
	28AA  :   D5;
	28AB  :   CB;
	28AC  :   CA;
	28AD  :   2B;
	28AE  :   06;
	28AF  :   CA;
	28B0  :   FB;
	28B1  :   23;
	28B2  :   2D;
	28B3  :   E8;
	28B4  :   4A;
	28B5  :   50;
	28B6  :   38;
	28B7  :   C2;
	28B8  :   D6;
	28B9  :   9B;
	28BA  :   48;
	28BB  :   83;
	28BC  :   23;
	28BD  :   CA;
	28BE  :   F7;
	28BF  :   22;
	28C0  :   01;
	[28C1..28C2]  :   CB;
	28C3  :   CD;
	28C4  :   0F;
	28C5  :   87;
	28C6  :   CB;
	28C7  :   C0;
	28C8  :   C3;
	28C9  :   02;
	28CA  :   23;
	28CB  :   EB;
	28CC  :   DC;
	28CD  :   E5;
	28CE  :   13;
	28CF  :   84;
	28D0  :   C1;
	28D1  :   AA;
	28D2  :   80;
	28D3  :   9C;
	28D4  :   34;
	28D5  :   AF;
	28D6  :   3D;
	28D7  :   74;
	28D8  :   89;
	28D9  :   E1;
	28DA  :   C0;
	28DB  :   D7;
	28DC  :   F1;
	[28DD..28DE]  :   F5;
	28DF  :   16;
	28E0  :   AA;
	28E1  :   17;
	28E2  :   55;
	28E3  :   E7;
	28E4  :   52;
	28E5  :   3D;
	28E6  :   23;
	28E7  :   06;
	28E8  :   E7;
	28E9  :   A3;
	28EA  :   79;
	28EB  :   23;
	28EC  :   C0;
	28ED  :   2B;
	28EE  :   A2;
	28EF  :   A8;
	28F0  :   C2;
	28F1  :   DC;
	28F2  :   83;
	28F3  :   AF;
	28F4  :   C3;
	28F5  :   E7;
	28F6  :   22;
	28F7  :   35;
	28F8  :   8F;
	28F9  :   C8;
	28FA  :   03;
	28FB  :   8A;
	28FC  :   9C;
	28FD  :   AA;
	28FE  :   1E;
	28FF  :   28;
	2900  :   A0;
	2901  :   C6;
	2902  :   D2;
	2903  :   69;
	2904  :   60;
	[2905..2906]  :   F1;
	2907  :   5E;
	2908  :   9E;
	2909  :   C5;
	290A  :   C8;
	290B  :   2B;
	290C  :   AA;
	290D  :   1F;
	290E  :   F7;
	290F  :   A3;
	2910  :   8C;
	2911  :   C3;
	2912  :   99;
	2913  :   F6;
	2914  :   80;
	2915  :   DA;
	2916  :   93;
	2917  :   11;
	2918  :   A9;
	2919  :   AA;
	291A  :   0E;
	291B  :   01;
	291C  :   C5;
	291D  :   12;
	291E  :   44;
	291F  :   B1;
	2920  :   C1;
	2921  :   2D;
	2922  :   E3;
	2923  :   5C;
	2924  :   38;
	2925  :   A8;
	2926  :   4E;
	2927  :   BA;
	2928  :   C2;
	2929  :   53;
	292A  :   23;
	292B  :   0C;
	292C  :   BB;
	292D  :   C2;
	292E  :   42;
	292F  :   23;
	2930  :   0D;
	2931  :   F8;
	2932  :   B1;
	2933  :   C9;
	2934  :   38;
	2935  :   F6;
	2936  :   F9;
	2937  :   CC;
	2938  :   66;
	2939  :   8F;
	293A  :   ED;
	293B  :   CA;
	293C  :   3E;
	293D  :   C8;
	293E  :   BA;
	293F  :   03;
	2940  :   CC;
	2941  :   34;
	2942  :   E8;
	2943  :   31;
	2944  :   F1;
	2945  :   30;
	2946  :   3A;
	2947  :   3C;
	2948  :   E9;
	2949  :   BA;
	294A  :   F0;
	294B  :   EA;
	294C  :   1E;
	294D  :   24;
	294E  :   CD;
	294F  :   E7;
	2950  :   06;
	2951  :   EC;
	2952  :   E5;
	2953  :   8A;
	2954  :   2C;
	2955  :   77;
	2956  :   A7;
	2957  :   AB;
	2958  :   17;
	2959  :   3A;
	295A  :   86;
	295B  :   AA;
	295C  :   F7;
	295D  :   8F;
	295E  :   A2;
	295F  :   29;
	2960  :   90;
	2961  :   B6;
	2962  :   B8;
	2963  :   27;
	2964  :   CE;
	2965  :   23;
	2966  :   A5;
	2967  :   41;
	2968  :   8F;
	2969  :   08;
	296A  :   6A;
	296B  :   88;
	296C  :   CA;
	296D  :   9C;
	296E  :   C4;
	296F  :   BA;
	2970  :   60;
	2971  :   32;
	2972  :   AB;
	2973  :   B8;
	2974  :   92;
	2975  :   0A;
	2976  :   E5;
	2977  :   B3;
	2978  :   34;
	2979  :   C4;
	297A  :   9F;
	297B  :   F5;
	297C  :   B2;
	297D  :   4A;
	297E  :   68;
	297F  :   5D;
	2980  :   C3;
	2981  :   25;
	2982  :   24;
	2983  :   F5;
	2984  :   3E;
	2985  :   43;
	2986  :   32;
	2987  :   4B;
	2988  :   93;
	2989  :   32;
	298A  :   50;
	298B  :   2A;
	298C  :   95;
	298D  :   F1;
	298E  :   8D;
	298F  :   EB;
	2990  :   C0;
	2991  :   01;
	2992  :   CF;
	2993  :   43;
	2994  :   E9;
	2995  :   EC;
	2996  :   A8;
	2997  :   C5;
	2998  :   AE;
	2999  :   6B;
	299A  :   25;
	299B  :   C7;
	299C  :   F6;
	299D  :   B4;
	299E  :   E5;
	299F  :   AE;
	29A0  :   1A;
	29A1  :   57;
	29A2  :   EB;
	29A3  :   AE;
	29A4  :   3B;
	29A5  :   8F;
	29A6  :   F7;
	29A7  :   AA;
	29A8  :   CC;
	29A9  :   0E;
	29AA  :   D6;
	29AB  :   C1;
	29AC  :   60;
	29AD  :   95;
	29AE  :   9D;
	29AF  :   2B;
	29B0  :   E5;
	29B1  :   3A;
	29B2  :   90;
	29B3  :   40;
	29B4  :   B7;
	29B5  :   C2;
	29B6  :   21;
	29B7  :   24;
	29B8  :   CD;
	29B9  :   EE;
	29BA  :   32;
	29BB  :   CD;
	29BC  :   25;
	29BD  :   2C;
	29BE  :   15;
	29BF  :   A7;
	29C0  :   92;
	29C1  :   86;
	29C2  :   CD;
	29C3  :   E5;
	29C4  :   06;
	29C5  :   BB;
	29C6  :   2A;
	29C7  :   2B;
	29C8  :   24;
	29C9  :   20;
	29CA  :   67;
	29CB  :   AF;
	29CC  :   C4;
	29CD  :   70;
	29CE  :   42;
	29CF  :   CC;
	[29D0..29D1]  :   97;
	29D2  :   25;
	29D3  :   C3;
	29D4  :   D4;
	29D5  :   23;
	29D6  :   3A;
	29D7  :   04;
	29D8  :   B9;
	29D9  :   AC;
	29DA  :   E5;
	29DB  :   D1;
	29DC  :   0E;
	29DD  :   0B;
	29DE  :   21;
	29DF  :   D5;
	29E0  :   35;
	29E1  :   DA;
	29E2  :   63;
	29E3  :   3A;
	29E4  :   74;
	29E5  :   37;
	29E6  :   24;
	29E7  :   36;
	29E8  :   AD;
	29E9  :   94;
	29EA  :   3A;
	29EB  :   19;
	29EC  :   A1;
	29ED  :   B7;
	29EE  :   4F;
	29EF  :   21;
	29F0  :   D3;
	29F1  :   BD;
	29F2  :   62;
	29F3  :   7D;
	29F4  :   66;
	29F5  :   24;
	29F6  :   AB;
	29F7  :   45;
	29F8  :   C3;
	29F9  :   9A;
	29FA  :   F7;
	29FB  :   2E;
	29FC  :   C2;
	29FD  :   49;
	29FE  :   FA;
	29FF  :   E5;
	2A00  :   DF;
	2A01  :   E6;
	2A02  :   BA;
	2A03  :   C2;
	2A04  :   47;
	2A05  :   5A;
	2A06  :   C4;
	2A07  :   70;
	2A08  :   19;
	2A09  :   62;
	2A0A  :   89;
	2A0B  :   E6;
	2A0C  :   40;
	2A0D  :   90;
	2A0E  :   6B;
	2A0F  :   E5;
	2A10  :   2B;
	2A11  :   1B;
	2A12  :   1A;
	2A13  :   77;
	2A14  :   1B;
	2A15  :   3E;
	2A16  :   D2;
	2A17  :   BB;
	2A18  :   CA;
	2A19  :   82;
	2A1A  :   24;
	2A1B  :   2B;
	2A1C  :   3E;
	2A1D  :   E4;
	2A1E  :   BD;
	2A1F  :   C2;
	2A20  :   6F;
	2A21  :   24;
	2A22  :   23;
	2A23  :   36;
	2A24  :   25;
	2A25  :   E1;
	2A26  :   D1;
	2A27  :   3A;
	2A28  :   40;
	2A29  :   A8;
	2A2A  :   89;
	2A2B  :   A1;
	2A2C  :   7A;
	2A2D  :   4F;
	2A2E  :   36;
	2A2F  :   2E;
	2A30  :   23;
	2A31  :   1A;
	2A32  :   EF;
	2A33  :   B8;
	2A34  :   BF;
	2A35  :   13;
	2A36  :   B5;
	2A37  :   F2;
	2A38  :   C3;
	2A39  :   3B;
	2A3A  :   A7;
	2A3B  :   3B;
	2A3C  :   95;
	2A3D  :   B4;
	2A3E  :   22;
	2A3F  :   5B;
	2A40  :   94;
	2A41  :   AF;
	2A42  :   65;
	2A43  :   25;
	2A44  :   07;
	2A45  :   EA;
	2A46  :   57;
	2A47  :   61;
	2A48  :   A6;
	2A49  :   1D;
	2A4A  :   C3;
	2A4B  :   AE;
	2A4C  :   2D;
	2A4D  :   36;
	2A4E  :   30;
	2A4F  :   AF;
	2A50  :   FE;
	2A51  :   B8;
	2A52  :   ED;
	2A53  :   BA;
	2A54  :   93;
	2A55  :   F1;
	2A56  :   2E;
	2A57  :   DB;
	2A58  :   2D;
	2A59  :   D0;
	2A5A  :   A8;
	2A5B  :   F2;
	2A5C  :   30;
	2A5D  :   6A;
	2A5E  :   D6;
	2A5F  :   3A;
	2A60  :   57;
	2A61  :   D5;
	2A62  :   98;
	2A63  :   70;
	2A64  :   09;
	2A65  :   11;
	2A66  :   D3;
	2A67  :   0E;
	2A68  :   96;
	2A69  :   EB;
	2A6A  :   C1;
	2A6B  :   44;
	2A6C  :   4F;
	2A6D  :   FA;
	2A6E  :   42;
	2A6F  :   44;
	2A70  :   FE;
	2A71  :   05;
	2A72  :   94;
	2A73  :   EA;
	2A74  :   9E;
	2A75  :   05;
	2A76  :   C2;
	2A77  :   EE;
	2A78  :   36;
	2A79  :   8A;
	2A7A  :   FE;
	2A7B  :   2E;
	2A7C  :   AD;
	2A7D  :   F9;
	2A7E  :   77;
	2A7F  :   FE;
	2A80  :   B7;
	2A81  :   2A;
	2A82  :   69;
	2A83  :   82;
	2A84  :   F9;
	2A85  :   CB;
	2A86  :   AF;
	2A87  :   7C;
	2A88  :   0E;
	2A89  :   A4;
	2A8A  :   6D;
	2A8B  :   4C;
	2A8C  :   25;
	2A8D  :   79;
	2A8E  :   C3;
	2A8F  :   53;
	2A90  :   D9;
	2A91  :   A8;
	2A92  :   17;
	2A93  :   22;
	2A94  :   F4;
	2A95  :   31;
	2A96  :   25;
	2A97  :   AF;
	2A98  :   FF;
	2A99  :   2A;
	2A9A  :   D9;
	2A9B  :   E7;
	2A9C  :   BF;
	2A9D  :   F0;
	2A9E  :   CF;
	2A9F  :   61;
	2AA0  :   69;
	2AA1  :   1A;
	2AA2  :   31;
	2AA3  :   81;
	2AA4  :   FE;
	2AA5  :   0A;
	2AA6  :   1E;
	2AA7  :   2A;
	2AA8  :   D4;
	2AA9  :   58;
	2AAA  :   7A;
	2AAB  :   CE;
	2AAC  :   5D;
	2AAD  :   D2;
	2AAE  :   93;
	2AAF  :   F1;
	2AB0  :   C3;
	2AB1  :   90;
	2AB2  :   25;
	2AB3  :   0E;
	2AB4  :   FF;
	2AB5  :   5E;
	2AB6  :   07;
	2AB7  :   9D;
	2AB8  :   AA;
	2AB9  :   23;
	2ABA  :   4E;
	2ABB  :   CA;
	2ABC  :   C9;
	2ABD  :   74;
	2ABE  :   32;
	2ABF  :   C6;
	2AC0  :   0E;
	2AC1  :   72;
	2AC2  :   B2;
	2AC3  :   D2;
	2AC4  :   29;
	2AC5  :   0A;
	2AC6  :   D6;
	2AC7  :   0E;
	2AC8  :   D2;
	2AC9  :   62;
	2ACA  :   C6;
	2ACB  :   2F;
	2ACC  :   65;
	2ACD  :   3B;
	2ACE  :   25;
	2ACF  :   F5;
	2AD0  :   A9;
	2AD1  :   2E;
	2AD2  :   1A;
	2AD3  :   1E;
	2AD4  :   AD;
	2AD5  :   29;
	2AD6  :   F1;
	2AD7  :   63;
	2AD8  :   E3;
	2AD9  :   E5;
	2ADA  :   7B;
	2ADB  :   1B;
	2ADC  :   2B;
	2ADD  :   25;
	2ADE  :   A3;
	2ADF  :   B6;
	2AE0  :   2F;
	2AE1  :   83;
	2AE2  :   A3;
	2AE3  :   BC;
	2AE4  :   3C;
	2AE5  :   47;
	2AE6  :   22;
	2AE7  :   2A;
	2AE8  :   08;
	2AE9  :   05;
	2AEA  :   C2;
	2AEB  :   88;
	2AEC  :   25;
	2AED  :   2C;
	2AEE  :   C8;
	2AEF  :   BE;
	2AF0  :   28;
	2AF1  :   52;
	2AF2  :   E0;
	2AF3  :   A4;
	2AF4  :   EF;
	2AF5  :   D4;
	2AF6  :   98;
	2AF7  :   21;
	2AF8  :   2A;
	2AF9  :   20;
	2AFA  :   0E;
	2AFB  :   7E;
	2AFC  :   35;
	2AFD  :   54;
	2AFE  :   20;
	2AFF  :   17;
	2B00  :   A6;
	2B01  :   83;
	2B02  :   D2;
	2B03  :   07;
	2B04  :   0D;
	2B05  :   0A;
	2B06  :   2B;
	2B07  :   23;
	2B08  :   AE;
	2B09  :   54;
	2B0A  :   A8;
	2B0B  :   3F;
	2B0C  :   B9;
	2B0D  :   35;
	2B0E  :   C1;
	2B0F  :   21;
	2B10  :   A0;
	2B11  :   25;
	2B12  :   47;
	2B13  :   5E;
	2B14  :   AD;
	2B15  :   AF;
	2B16  :   26;
	2B17  :   FA;
	2B18  :   BE;
	2B19  :   C6;
	2B1A  :   F2;
	2B1B  :   71;
	2B1C  :   C3;
	2B1D  :   D6;
	2B1E  :   25;
	2B1F  :   4A;
	2B20  :   B9;
	2B21  :   9A;
	2B22  :   76;
	2B23  :   F7;
	2B24  :   B1;
	2B25  :   C3;
	2B26  :   4A;
	2B27  :   78;
	2B28  :   74;
	2B29  :   10;
	2B2A  :   26;
	2B2B  :   E5;
	2B2C  :   42;
	2B2D  :   16;
	2B2E  :   60;
	2B2F  :   D0;
	2B30  :   EE;
	2B31  :   25;
	2B32  :   3E;
	2B33  :   42;
	2B34  :   7B;
	2B35  :   7E;
	2B36  :   D1;
	2B37  :   20;
	2B38  :   11;
	2B39  :   CA;
	2B3A  :   3F;
	2B3B  :   CD;
	2B3C  :   B4;
	2B3D  :   17;
	2B3E  :   72;
	2B3F  :   C5;
	2B40  :   2B;
	2B41  :   B8;
	2B42  :   A3;
	2B43  :   26;
	2B44  :   C8;
	2B45  :   8A;
	2B46  :   CA;
	2B47  :   F1;
	2B48  :   CB;
	2B49  :   23;
	2B4A  :   D0;
	[2B4B..2B4C]  :   31;
	2B4D  :   6E;
	2B4E  :   39;
	2B4F  :   C3;
	2B50  :   DB;
	2B51  :   0D;
	2B52  :   CD;
	2B53  :   26;
	2B54  :   2C;
	2B55  :   C5;
	2B56  :   28;
	2B57  :   BA;
	2B58  :   D0;
	2B59  :   32;
	2B5A  :   26;
	2B5B  :   8D;
	2B5C  :   36;
	2B5D  :   B6;
	2B5E  :   BC;
	2B5F  :   82;
	2B60  :   8B;
	2B61  :   21;
	2B62  :   26;
	2B63  :   60;
	2B64  :   BA;
	2B65  :   9C;
	2B66  :   2B;
	2B67  :   26;
	2B68  :   C1;
	2B69  :   74;
	2B6A  :   A5;
	2B6B  :   B1;
	2B6C  :   DA;
	2B6D  :   B5;
	2B6E  :   04;
	2B6F  :   6A;
	2B70  :   05;
	2B71  :   BF;
	2B72  :   CB;
	2B73  :   F6;
	2B74  :   9D;
	2B75  :   AE;
	2B76  :   50;
	2B77  :   99;
	2B78  :   53;
	2B79  :   C3;
	2B7A  :   51;
	2B7B  :   26;
	2B7C  :   B8;
	2B7D  :   2C;
	2B7E  :   1E;
	2B7F  :   D4;
	2B80  :   EC;
	2B81  :   3C;
	2B82  :   D5;
	2B83  :   AB;
	2B84  :   F5;
	2B85  :   2C;
	2B86  :   68;
	2B87  :   E6;
	2B88  :   43;
	2B89  :   CB;
	2B8A  :   B7;
	2B8B  :   C2;
	2B8C  :   D6;
	2B8D  :   E3;
	2B8E  :   1C;
	2B8F  :   4E;
	2B90  :   32;
	2B91  :   3E;
	2B92  :   CA;
	2B93  :   89;
	2B94  :   C5;
	2B95  :   93;
	2B96  :   38;
	2B97  :   57;
	2B98  :   47;
	2B99  :   B1;
	2B9A  :   A1;
	2B9B  :   CA;
	2B9C  :   7D;
	2B9D  :   2E;
	2B9E  :   06;
	2B9F  :   2C;
	2BA0  :   50;
	2BA1  :   2B;
	2BA2  :   CD;
	2BA3  :   29;
	2BA4  :   2C;
	2BA5  :   EB;
	2BA6  :   21;
	2BA7  :   94;
	2BA8  :   A1;
	2BA9  :   73;
	2BAA  :   C3;
	2BAB  :   3D;
	2BAC  :   22;
	2BAD  :   12;
	2BAE  :   B3;
	2BAF  :   41;
	2BB0  :   49;
	2BB1  :   52;
	2BB2  :   BC;
	2BB3  :   B4;
	2BB4  :   E1;
	2BB5  :   3C;
	2BB6  :   62;
	2BB7  :   1D;
	2BB8  :   31;
	2BB9  :   A0;
	2BBA  :   FC;
	2BBB  :   F8;
	2BBC  :   C2;
	2BBD  :   B1;
	2BBE  :   25;
	2BBF  :   E3;
	2BC0  :   E6;
	2BC1  :   AF;
	2BC2  :   C2;
	2BC3  :   48;
	2BC4  :   D1;
	2BC5  :   66;
	2BC6  :   85;
	2BC7  :   DB;
	2BC8  :   EB;
	2BC9  :   C2;
	2BCA  :   EF;
	2BCB  :   1D;
	2BCC  :   B6;
	2BCD  :   21;
	2BCE  :   BD;
	2BCF  :   26;
	2BD0  :   D5;
	2BD1  :   C4;
	2BD2  :   6D;
	2BD3  :   FC;
	2BD4  :   1C;
	2BD5  :   49;
	2BD6  :   C8;
	2BD7  :   E3;
	2BD8  :   C3;
	2BD9  :   6D;
	2BDA  :   45;
	2BDB  :   58;
	2BDC  :   54;
	2BDD  :   52;
	2BDE  :   41;
	2BDF  :   14;
	2BE0  :   B9;
	2BE1  :   2C;
	2BE2  :   F7;
	2BE3  :   72;
	2BE4  :   49;
	2BE5  :   47;
	2BE6  :   4E;
	2BE7  :   4F;
	2BE8  :   52;
	2BE9  :   45;
	2BEA  :   C4;
	2BEB  :   B6;
	2BEC  :   D5;
	2BED  :   BA;
	2BEE  :   DA;
	2BEF  :   0D;
	2BF0  :   F1;
	2BF1  :   D1;
	2BF2  :   F0;
	2BF3  :   CC;
	2BF4  :   23;
	2BF5  :   05;
	2BF6  :   1E;
	2BF7  :   06;
	2BF8  :   0C;
	2BF9  :   2D;
	2BFA  :   C2;
	2BFB  :   A1;
	2BFC  :   8C;
	2BFD  :   C2;
	2BFE  :   9B;
	2BFF  :   8C;
	2C00  :   AA;
	2C01  :   ED;
	2C02  :   4C;
	2C03  :   83;
	2C04  :   AD;
	2C05  :   D4;
	2C06  :   C3;
	2C07  :   D5;
	2C08  :   C1;
	2C09  :   2B;
	2C0A  :   14;
	2C0B  :   C4;
	2C0C  :   75;
	2C0D  :   A5;
	2C0E  :   75;
	2C0F  :   0B;
	2C10  :   52;
	2C11  :   37;
	2C12  :   A8;
	2C13  :   17;
	2C14  :   C4;
	2C15  :   B6;
	2C16  :   F9;
	2C17  :   93;
	2C18  :   D1;
	2C19  :   23;
	2C1A  :   A2;
	2C1B  :   36;
	2C1C  :   75;
	2C1D  :   31;
	2C1E  :   D8;
	2C1F  :   3D;
	2C20  :   B6;
	2C21  :   E7;
	2C22  :   2E;
	2C23  :   EC;
	2C24  :   EB;
	2C25  :   F9;
	2C26  :   86;
	2C27  :   56;
	2C28  :   C8;
	2C29  :   E3;
	2C2A  :   F1;
	2C2B  :   C1;
	2C2C  :   90;
	2C2D  :   A7;
	2C2E  :   EC;
	2C2F  :   CA;
	2C30  :   37;
	2C31  :   27;
	2C32  :   0E;
	2C33  :   16;
	2C34  :   4C;
	2C35  :   69;
	2C36  :   60;
	2C37  :   C3;
	2C38  :   23;
	2C39  :   1D;
	2C3A  :   F9;
	2C3B  :   AD;
	2C3C  :   0E;
	2C3D  :   7E;
	2C3E  :   B5;
	2C3F  :   BE;
	2C40  :   37;
	2C41  :   C3;
	2C42  :   90;
	2C43  :   8C;
	2C44  :   FF;
	2C45  :   26;
	2C46  :   28;
	2C47  :   6A;
	2C48  :   99;
	2C49  :   F6;
	2C4A  :   37;
	2C4B  :   6F;
	2C4C  :   8F;
	2C4D  :   CD;
	2C4E  :   BF;
	2C4F  :   33;
	2C50  :   E8;
	2C51  :   1E;
	2C52  :   18;
	2C53  :   1F;
	2C54  :   39;
	2C55  :   DE;
	2C56  :   F0;
	2C57  :   2B;
	2C58  :   16;
	2C59  :   00;
	2C5A  :   61;
	2C5B  :   66;
	2C5C  :   D1;
	2C5D  :   01;
	2C5E  :   CD;
	2C5F  :   D1;
	2C60  :   9B;
	2C61  :   22;
	2C62  :   B1;
	2C63  :   40;
	2C64  :   93;
	2C65  :   FB;
	2C66  :   C1;
	2C67  :   78;
	2C68  :   FE;
	2C69  :   78;
	2C6A  :   D4;
	2C6B  :   4A;
	2C6C  :   47;
	2C6D  :   71;
	2C6E  :   80;
	2C6F  :   D1;
	2C70  :   E9;
	2C71  :   D6;
	2C72  :   D7;
	2C73  :   DA;
	2C74  :   94;
	2C75  :   27;
	2C76  :   FE;
	2C77  :   03;
	2C78  :   D2;
	2C79  :   F6;
	2C7A  :   32;
	2C7B  :   01;
	2C7C  :   17;
	2C7D  :   AA;
	2C7E  :   BA;
	2C7F  :   57;
	2C80  :   DC;
	2C81  :   27;
	2C82  :   2E;
	2C83  :   22;
	2C84  :   A8;
	2C85  :   66;
	2C86  :   83;
	2C87  :   C3;
	2C88  :   78;
	2C89  :   27;
	2C8A  :   7A;
	2C8B  :   67;
	2C8C  :   89;
	2C8D  :   17;
	2C8E  :   29;
	2C8F  :   7E;
	2C90  :   A5;
	2C91  :   E2;
	2C92  :   E8;
	2C93  :   D6;
	2C94  :   CF;
	2C95  :   D8;
	2C96  :   FE;
	2C97  :   08;
	2C98  :   D0;
	2C99  :   5F;
	2C9A  :   50;
	2C9B  :   12;
	2C9C  :   3D;
	2C9D  :   B3;
	2C9E  :   7B;
	2C9F  :   CA;
	2CA0  :   60;
	2CA1  :   2D;
	2CA2  :   07;
	2CA3  :   83;
	2CA4  :   5F;
	2CA5  :   21;
	2CA6  :   3B;
	2CA7  :   12;
	2CA8  :   19;
	2CA9  :   78;
	2CAA  :   56;
	2CAB  :   BA;
	2CAC  :   D0;
	2CAD  :   23;
	2CAE  :   E7;
	2CAF  :   73;
	2CB0  :   C5;
	2CB1  :   01;
	2CB2  :   6B;
	2CB3  :   97;
	2CB4  :   F9;
	2CB5  :   43;
	2CB6  :   4A;
	2CB7  :   CD;
	2CB8  :   68;
	2CB9  :   31;
	2CBA  :   58;
	2CBB  :   51;
	2CBC  :   6B;
	2CBD  :   2C;
	2CBE  :   2A;
	2CBF  :   9C;
	2CC0  :   9F;
	2CC1  :   C3;
	2CC2  :   60;
	2CC3  :   27;
	2CC4  :   57;
	2CC5  :   EE;
	2CC6  :   D0;
	2CC7  :   38;
	2CC8  :   92;
	2CC9  :   99;
	2CCA  :   41;
	2CCB  :   32;
	2CCC  :   A3;
	2CCD  :   D2;
	2CCE  :   80;
	2CCF  :   28;
	2CD0  :   CF;
	2CD1  :   CA;
	2CD2  :   C6;
	2CD3  :   05;
	2CD4  :   2A;
	2CD5  :   E0;
	2CD6  :   E1;
	2CD7  :   EA;
	2CD8  :   FE;
	2CD9  :   D0;
	2CDA  :   CA;
	2CDB  :   6F;
	2CDC  :   E3;
	2CDD  :   22;
	2CDE  :   2A;
	2CDF  :   26;
	2CE0  :   2C;
	2CE1  :   CD;
	2CE2  :   8A;
	2CE3  :   93;
	2CE4  :   29;
	2CE5  :   EA;
	2CE6  :   C9;
	2CE7  :   F7;
	2CE8  :   2B;
	2CE9  :   A4;
	2CEA  :   C8;
	2CEB  :   B6;
	2CEC  :   20;
	2CED  :   28;
	2CEE  :   D6;
	2CEF  :   DA;
	2CF0  :   D2;
	2CF1  :   91;
	2CF2  :   A0;
	2CF3  :   F7;
	2CF4  :   F9;
	2CF5  :   75;
	2CF6  :   1F;
	2CF7  :   BE;
	2CF8  :   12;
	2CF9  :   1C;
	2CFA  :   A0;
	2CFB  :   8E;
	2CFC  :   83;
	2CFD  :   46;
	2CFE  :   C3;
	2CFF  :   AB;
	2D00  :   21;
	2D01  :   4B;
	2D02  :   9C;
	2D03  :   6B;
	2D04  :   7C;
	2D05  :   05;
	2D06  :   B1;
	2D07  :   D2;
	2D08  :   0C;
	2D09  :   39;
	2D0A  :   0A;
	2D0B  :   BF;
	2D0C  :   8F;
	2D0D  :   C4;
	2D0E  :   F9;
	2D0F  :   16;
	2D10  :   EF;
	2D11  :   74;
	2D12  :   16;
	2D13  :   8E;
	2D14  :   D5;
	2D15  :   33;
	2D16  :   7A;
	2D17  :   CD;
	2D18  :   08;
	2D19  :   37;
	2D1A  :   49;
	2D1B  :   01;
	2D1C  :   13;
	2D1D  :   24;
	2D1E  :   2C;
	2D1F  :   8E;
	2D20  :   48;
	2D21  :   60;
	2D22  :   3A;
	2D23  :   F9;
	2D24  :   8F;
	2D25  :   23;
	2D26  :   3E;
	2D27  :   80;
	2D28  :   15;
	[2D29..2D2A]  :   EC;
	2D2B  :   BC;
	2D2C  :   49;
	2D2D  :   89;
	2D2E  :   DB;
	2D2F  :   83;
	2D30  :   28;
	2D31  :   7E;
	2D32  :   E4;
	2D33  :   16;
	2D34  :   5D;
	2D35  :   A2;
	2D36  :   29;
	2D37  :   63;
	2D38  :   28;
	2D39  :   BA;
	2D3A  :   B5;
	2D3B  :   A5;
	2D3C  :   7D;
	2D3D  :   DC;
	2D3E  :   BB;
	2D3F  :   B2;
	2D40  :   EE;
	2D41  :   55;
	2D42  :   B6;
	2D43  :   60;
	2D44  :   7C;
	2D45  :   C4;
	2D46  :   EE;
	2D47  :   E8;
	2D48  :   29;
	2D49  :   51;
	2D4A  :   2D;
	2D4B  :   22;
	2D4C  :   C1;
	2D4D  :   3B;
	2D4E  :   C0;
	2D4F  :   CC;
	2D50  :   39;
	2D51  :   0B;
	2D52  :   DF;
	2D53  :   5F;
	2D54  :   EB;
	2D55  :   07;
	2D56  :   6F;
	2D57  :   26;
	2D58  :   00;
	2D59  :   1A;
	2D5A  :   13;
	2D5B  :   FE;
	2D5C  :   DB;
	2D5D  :   DA;
	2D5E  :   CE;
	2D5F  :   28;
	2D60  :   FE;
	2D61  :   F1;
	2D62  :   D2;
	2D63  :   F7;
	2D64  :   83;
	2D65  :   C3;
	2D66  :   FE;
	2D67  :   EE;
	2D68  :   DA;
	2D69  :   C6;
	2D6A  :   77;
	2D6B  :   C0;
	2D6C  :   AA;
	2D6D  :   F2;
	2D6E  :   2C;
	2D6F  :   B7;
	2D70  :   4B;
	2D71  :   EB;
	2D72  :   BC;
	2D73  :   9B;
	2D74  :   E3;
	2D75  :   CD;
	2D76  :   4A;
	2D77  :   6C;
	2D78  :   D3;
	2D79  :   EB;
	2D7A  :   05;
	2D7B  :   92;
	2D7C  :   B9;
	2D7D  :   CD;
	2D7E  :   09;
	2D7F  :   28;
	2D80  :   E3;
	2D81  :   11;
	2D82  :   7B;
	2D83  :   90;
	2D84  :   D7;
	2D85  :   D5;
	[2D86..2D87]  :   01;
	2D88  :   12;
	2D89  :   09;
	2D8A  :   4E;
	2D8B  :   23;
	2D8C  :   66;
	2D8D  :   69;
	2D8E  :   E9;
	2D8F  :   C1;
	2D90  :   D5;
	2D91  :   20;
	2D92  :   93;
	2D93  :   E3;
	2D94  :   EB;
	2D95  :   C5;
	2D96  :   46;
	2D97  :   2B;
	2D98  :   4E;
	2D99  :   42;
	2D9A  :   00;
	2D9B  :   B1;
	2D9C  :   01;
	[2D9D..2D9E]  :   B1;
	2D9F  :   F5;
	2DA0  :   5E;
	2DA1  :   08;
	2DA2  :   5A;
	2DA3  :   6C;
	2DA4  :   1E;
	2DA5  :   F1;
	2DA6  :   EB;
	2DA7  :   C1;
	2DA8  :   E3;
	2DA9  :   EB;
	2DAA  :   AF;
	2DAB  :   78;
	2DAC  :   F5;
	2DAD  :   E8;
	2DAE  :   80;
	2DAF  :   7A;
	2DB0  :   C1;
	2DB1  :   79;
	2DB2  :   21;
	2DB3  :   F7;
	2DB4  :   2D;
	2DB5  :   DA;
	2DB6  :   12;
	2DB7  :   29;
	2DB8  :   C2;
	2DB9  :   0D;
	2DBA  :   29;
	2DBB  :   A3;
	2DBC  :   4F;
	2DBD  :   78;
	2DBE  :   A2;
	2DBF  :   E9;
	2DC0  :   B3;
	2DC1  :   F7;
	2DC2  :   B2;
	2DC3  :   A2;
	2DC4  :   AB;
	2DC5  :   A7;
	2DC6  :   AA;
	2DC7  :   21;
	[2DC8..2DC9]  :   29;
	2DCA  :   68;
	2DCB  :   DC;
	2DCC  :   17;
	2DCD  :   1F;
	2DCE  :   7A;
	2DCF  :   17;
	2DD0  :   5F;
	2DD1  :   16;
	2DD2  :   64;
	2DD3  :   78;
	2DD4  :   BA;
	2DD5  :   D0;
	2DD6  :   C3;
	2DD7  :   BC;
	2DD8  :   27;
	2DD9  :   2B;
	2DDA  :   29;
	2DDB  :   79;
	2DDC  :   B7;
	2DDD  :   1F;
	2DDE  :   C1;
	2DDF  :   D1;
	2DE0  :   A8;
	2DE1  :   73;
	2DE2  :   4C;
	2DE3  :   DB;
	2DE4  :   21;
	2DE5  :   89;
	2DE6  :   99;
	2DE7  :   CA;
	2DE8  :   4C;
	2DE9  :   D5;
	2DEA  :   F1;
	2DEB  :   2C;
	2DEC  :   4A;
	2DED  :   0E;
	2DEE  :   B5;
	2DEF  :   2D;
	2DF0  :   02;
	2DF1  :   B6;
	2DF2  :   70;
	2DF3  :   6D;
	2DF4  :   2E;
	2DF5  :   28;
	2DF6  :   B6;
	2DF7  :   01;
	2DF8  :   D0;
	2DF9  :   E1;
	2DFA  :   E3;
	2DFB  :   55;
	2DFC  :   E1;
	2DFD  :   7B;
	2DFE  :   B2;
	2DFF  :   C8;
	2E00  :   7A;
	2E01  :   B7;
	2E02  :   2F;
	2E03  :   C8;
	2E04  :   AF;
	2E05  :   BB;
	2E06  :   3C;
	2E07  :   D0;
	2E08  :   15;
	2E09  :   1D;
	2E0A  :   0A;
	2E0B  :   BE;
	2E0C  :   23;
	2E0D  :   03;
	2E0E  :   CA;
	2E0F  :   54;
	2E10  :   29;
	2E11  :   3F;
	2E12  :   C3;
	2E13  :   42;
	2E14  :   31;
	2E15  :   D5;
	2E16  :   21;
	2E17  :   01;
	2E18  :   16;
	2E19  :   E5;
	2E1A  :   78;
	2E1B  :   2A;
	2E1C  :   A1;
	2E1D  :   14;
	2E1E  :   16;
	2E1F  :   98;
	[2E20..2E21]  :   2B;
	2E22  :   56;
	2E23  :   1E;
	2E24  :   42;
	2E25  :   47;
	2E26  :   D2;
	2E27  :   84;
	2E28  :   29;
	2E29  :   B2;
	2E2A  :   26;
	2E2B  :   41;
	2E2C  :   6B;
	2E2D  :   72;
	2E2E  :   C9;
	2E2F  :   3C;
	2E30  :   8F;
	2E31  :   C1;
	2E32  :   A0;
	2E33  :   C6;
	2E34  :   FF;
	2E35  :   9F;
	2E36  :   C3;
	2E37  :   49;
	2E38  :   31;
	2E39  :   16;
	2E3A  :   5A;
	2E3B  :   2D;
	2E3C  :   B8;
	2E3D  :   98;
	2E3E  :   A4;
	2E3F  :   6D;
	2E40  :   7B;
	2E41  :   2F;
	2E42  :   4F;
	2E43  :   7A;
	2E44  :   2F;
	2E45  :   9D;
	2E46  :   B9;
	2E47  :   C1;
	2E48  :   C3;
	2E49  :   6B;
	2E4A  :   D4;
	2E4B  :   FF;
	2E4C  :   F7;
	2E4D  :   CA;
	2E4E  :   02;
	2E4F  :   83;
	2E50  :   01;
	2E51  :   AA;
	2E52  :   29;
	2E53  :   C5;
	2E54  :   0B;
	2E55  :   10;
	[2E56..2E57]  :   35;
	2E58  :   AE;
	2E59  :   3E;
	2E5A  :   47;
	2E5B  :   F8;
	2E5C  :   D2;
	2E5D  :   8A;
	2E5E  :   8D;
	2E5F  :   AF;
	2E60  :   4F;
	2E61  :   72;
	2E62  :   14;
	2E63  :   26;
	2E64  :   D7;
	2E65  :   29;
	2E66  :   0F;
	2E67  :   DA;
	2E68  :   E4;
	2E69  :   29;
	2E6A  :   4F;
	2E6B  :   E6;
	2E6C  :   A0;
	2E6D  :   D8;
	2E6E  :   B9;
	2E6F  :   D2;
	2E70  :   F5;
	2E71  :   3A;
	2E72  :   D6;
	2E73  :   24;
	2E74  :   C2;
	2E75  :   F3;
	2E76  :   29;
	2E77  :   3C;
	2E78  :   BC;
	2E79  :   3E;
	2E7A  :   0F;
	2E7B  :   81;
	2E7C  :   D0;
	2E7D  :   D6;
	2E7E  :   3A;
	2E7F  :   CD;
	2E80  :   4F;
	2E81  :   86;
	2E82  :   FE;
	2E83  :   28;
	2E84  :   CA;
	2E85  :   49;
	2E86  :   2A;
	2E87  :   79;
	2E88  :   D5;
	2E89  :   ED;
	2E8A  :   5A;
	2E8B  :   19;
	2E8C  :   BB;
	2E8D  :   35;
	2E8E  :   59;
	2E8F  :   9A;
	2E90  :   B5;
	2E91  :   CA;
	2E92  :   25;
	2E93  :   27;
	2E94  :   E2;
	2E95  :   79;
	2E96  :   96;
	2E97  :   23;
	2E98  :   C2;
	2E99  :   16;
	2E9A  :   2A;
	2E9B  :   78;
	2E9C  :   F5;
	2E9D  :   CA;
	2E9E  :   46;
	2E9F  :   BA;
	2EA0  :   23;
	2EA1  :   FE;
	2EA2  :   74;
	2EA3  :   C3;
	2EA4  :   08;
	2EA5  :   2A;
	2EA6  :   C5;
	2EA7  :   37;
	2EA8  :   8E;
	2EA9  :   3B;
	2EAA  :   2A;
	2EAB  :   BD;
	2EAC  :   B1;
	2EAD  :   34;
	2EAE  :   09;
	2EAF  :   C1;
	2EB0  :   46;
	2EB1  :   D0;
	2EB2  :   79;
	2EB3  :   EB;
	2EB4  :   ED;
	2EB5  :   60;
	2EB6  :   69;
	2EB7  :   22;
	2EB8  :   99;
	2EB9  :   2B;
	2EBA  :   4E;
	2EBB  :   A1;
	2EBC  :   9A;
	2EBD  :   8A;
	2EBE  :   C2;
	2EBF  :   38;
	[2EC0..2EC1]  :   D1;
	2EC2  :   1F;
	2EC3  :   C0;
	2EC4  :   05;
	2EC5  :   B5;
	2EC6  :   50;
	2EC7  :   0A;
	2EC8  :   5B;
	2EC9  :   8F;
	2ECA  :   6B;
	2ECB  :   00;
	2ECC  :   06;
	2ECD  :   A3;
	2ECE  :   2C;
	2ECF  :   60;
	2ED0  :   1E;
	2ED1  :   D6;
	2ED2  :   35;
	2ED3  :   C6;
	2ED4  :   8D;
	2ED5  :   3C;
	2ED6  :   57;
	2ED7  :   4E;
	2ED8  :   F2;
	2ED9  :   34;
	2EDA  :   50;
	2EDB  :   2A;
	2EDC  :   F1;
	2EDD  :   5A;
	2EDE  :   D3;
	2EDF  :   03;
	2EE0  :   D0;
	2EE1  :   CE;
	2EE2  :   A3;
	2EE3  :   24;
	2EE4  :   9F;
	2EE5  :   3E;
	2EE6  :   19;
	2EE7  :   EB;
	2EE8  :   61;
	2EE9  :   FA;
	2EEA  :   19;
	2EEB  :   1E;
	2EEC  :   A2;
	2EED  :   88;
	2EEE  :   7E;
	2EEF  :   B9;
	2EF0  :   BA;
	2EF1  :   87;
	2EF2  :   F5;
	2EF3  :   B8;
	2EF4  :   D6;
	2EF5  :   A2;
	2EF6  :   EA;
	2EF7  :   ED;
	2EF8  :   73;
	2EF9  :   E7;
	2EFA  :   3A;
	2EFB  :   B9;
	2EFC  :   B7;
	2EFD  :   1E;
	2EFE  :   12;
	2EFF  :   4A;
	2F00  :   6C;
	2F01  :   5C;
	2F02  :   F1;
	2F03  :   BE;
	2F04  :   CA;
	2F05  :   03;
	2F06  :   2B;
	2F07  :   1E;
	2F08  :   10;
	2F09  :   29;
	2F0A  :   6E;
	2F0B  :   0B;
	2F0C  :   11;
	2F0D  :   04;
	2F0E  :   00;
	2F0F  :   71;
	2F10  :   23;
	2F11  :   70;
	2F12  :   23;
	2F13  :   F1;
	2F14  :   32;
	2F15  :   DF;
	2F16  :   40;
	2F17  :   4F;
	2F18  :   04;
	2F19  :   C2;
	2F1A  :   8B;
	2F1B  :   D2;
	2F1C  :   DB;
	2F1D  :   D1;
	2F1E  :   41;
	2F1F  :   F8;
	2F20  :   E1;
	2F21  :   AC;
	2F22  :   0B;
	2F23  :   78;
	2F24  :   01;
	2F25  :   0B;
	2F26  :   00;
	2F27  :   CA;
	2F28  :   C6;
	2F29  :   2A;
	2F2A  :   C1;
	2F2B  :   ED;
	2F2C  :   BE;
	2F2D  :   F5;
	2F2E  :   8D;
	2F2F  :   C1;
	2F30  :   26;
	2F31  :   32;
	2F32  :   85;
	2F33  :   EF;
	2F34  :   E3;
	2F35  :   C1;
	2F36  :   05;
	2F37  :   C2;
	2F38  :   B9;
	2F39  :   2A;
	2F3A  :   42;
	2F3B  :   4B;
	2F3C  :   EB;
	2F3D  :   19;
	2F3E  :   DA;
	2F3F  :   9D;
	2F40  :   0D;
	2F41  :   9E;
	2F42  :   14;
	2F43  :   77;
	2F44  :   A1;
	2F45  :   AA;
	2F46  :   6A;
	2F47  :   E3;
	2F48  :   3E;
	2F49  :   03;
	2F4A  :   67;
	2F4B  :   96;
	2F4C  :   E1;
	2F4D  :   3A;
	2F4E  :   71;
	2F4F  :   8D;
	2F50  :   6F;
	2F51  :   29;
	2F52  :   09;
	2F53  :   EB;
	2F54  :   2A;
	2F55  :   BC;
	2F56  :   8C;
	2F57  :   19;
	2F58  :   93;
	2F59  :   51;
	2F5A  :   23;
	2F5B  :   01;
	[2F5C..2F5D]  :   00;
	2F5E  :   16;
	2F5F  :   E1;
	2F60  :   78;
	2F61  :   FE;
	2F62  :   D7;
	2F63  :   E3;
	2F64  :   F5;
	2F65  :   DC;
	2F66  :   FE;
	2F67  :   91;
	2F68  :   6C;
	2F69  :   43;
	2F6A  :   D1;
	2F6B  :   19;
	2F6C  :   F1;
	2F6D  :   3D;
	2F6E  :   44;
	2F6F  :   4D;
	2F70  :   C2;
	2F71  :   08;
	2F72  :   2B;
	[2F73..2F74]  :   29;
	2F75  :   C1;
	2F76  :   AF;
	2F77  :   A4;
	2F78  :   B1;
	2F79  :   73;
	2F7A  :   1A;
	2F7B  :   82;
	2F7C  :   D0;
	2F7D  :   D5;
	2F7E  :   B0;
	2F7F  :   DE;
	2F80  :   1A;
	2F81  :   08;
	2F82  :   FD;
	2F83  :   E1;
	2F84  :   E8;
	2F85  :   EE;
	2F86  :   76;
	2F87  :   21;
	2F88  :   8D;
	2F89  :   C0;
	2F8A  :   39;
	2F8B  :   E6;
	2F8C  :   7E;
	2F8D  :   CA;
	2F8E  :   56;
	2F8F  :   2B;
	2F90  :   8A;
	2F91  :   AE;
	2F92  :   2D;
	2F93  :   8A;
	2F94  :   AB;
	2F95  :   B9;
	2F96  :   EB;
	2F97  :   A9;
	2F98  :   A6;
	2F99  :   14;
	2F9A  :   A2;
	2F9B  :   91;
	2F9C  :   4F;
	2F9D  :   D6;
	2F9E  :   C3;
	2F9F  :   91;
	2FA0  :   C4;
	2FA1  :   EB;
	2FA2  :   7B;
	2FA3  :   DE;
	2FA4  :   C3;
	2FA5  :   40;
	2FA6  :   D4;
	2FA7  :   A5;
	2FA8  :   5A;
	2FA9  :   98;
	2FAA  :   C0;
	2FAB  :   C8;
	2FAC  :   2A;
	2FAD  :   19;
	2FAE  :   C2;
	2FAF  :   88;
	2FB0  :   57;
	2FB1  :   C9;
	2FB2  :   DF;
	2FB3  :   2B;
	2FB4  :   5F;
	2FB5  :   C3;
	2FB6  :   22;
	2FB7  :   C5;
	2FB8  :   D5;
	2FB9  :   50;
	2FBA  :   C7;
	2FBB  :   5C;
	2FBC  :   C7;
	2FBD  :   03;
	2FBE  :   01;
	2FBF  :   9D;
	2FC0  :   D8;
	2FC1  :   42;
	2FC2  :   34;
	2FC3  :   3C;
	2FC4  :   21;
	2FC5  :   6F;
	2FC6  :   67;
	2FC7  :   CB;
	2FC8  :   D1;
	2FC9  :   F1;
	2FCA  :   BB;
	2FCB  :   C3;
	2FCC  :   EB;
	2FCD  :   5F;
	2FCE  :   D0;
	2FCF  :   E3;
	2FD0  :   50;
	2FD1  :   FA;
	2FD2  :   4C;
	2FD3  :   F8;
	2FD4  :   9E;
	2FD5  :   E1;
	2FD6  :   FA;
	2FD7  :   BA;
	2FD8  :   2B;
	2FD9  :   FE;
	2FDA  :   DA;
	2FDB  :   E5;
	2FDC  :   BC;
	2FDD  :   74;
	2FDE  :   D5;
	2FDF  :   1E;
	2FE0  :   22;
	2FE1  :   6D;
	2FE2  :   5C;
	2FE3  :   1F;
	2FE4  :   C0;
	2FE5  :   10;
	2FE6  :   B4;
	2FE7  :   4A;
	2FE8  :   3D;
	2FE9  :   C0;
	2FEA  :   12;
	2FEB  :   D4;
	2FEC  :   81;
	2FED  :   82;
	2FEE  :   E1;
	2FEF  :   D1;
	2FF0  :   C1;
	2FF1  :   71;
	2FF2  :   23;
	2FF3  :   70;
	2FF4  :   C3;
	2FF5  :   1F;
	2FF6  :   2C;
	2FF7  :   69;
	2FF8  :   23;
	2FF9  :   7C;
	2FFA  :   B5;
	2FFB  :   D1;
	2FFC  :   C0;
	2FFD  :   1E;
	2FFE  :   16;
	2FFF  :   9B;
	3000  :   F4;
	3001  :   C9;
	3002  :   56;
	3003  :   E8;
	3004  :   2D;
	3005  :   B6;
	3006  :   27;
	3007  :   AD;
	3008  :   C0;
	3009  :   29;
	300A  :   C3;
	300B  :   BD;
	300C  :   2A;
	300D  :   FB;
	300E  :   56;
	300F  :   2A;
	3010  :   76;
	3011  :   A0;
	3012  :   87;
	3013  :   01;
	3014  :   10;
	3015  :   2E;
	3016  :   C5;
	3017  :   7E;
	3018  :   31;
	3019  :   67;
	301A  :   68;
	301B  :   61;
	301C  :   81;
	301D  :   EA;
	301E  :   34;
	301F  :   C1;
	3020  :   BB;
	3021  :   19;
	3022  :   85;
	3023  :   6F;
	3024  :   41;
	3025  :   6D;
	3026  :   D0;
	3027  :   53;
	3028  :   55;
	3029  :   A3;
	302A  :   DC;
	302B  :   21;
	302C  :   A2;
	302D  :   5B;
	302E  :   19;
	302F  :   77;
	3030  :   CB;
	3031  :   C7;
	3032  :   B8;
	3033  :   5B;
	3034  :   49;
	3035  :   2B;
	3036  :   00;
	3037  :   AC;
	3038  :   81;
	3039  :   50;
	303A  :   1A;
	303B  :   44;
	303C  :   36;
	303D  :   7E;
	303E  :   0C;
	303F  :   2D;
	3040  :   7A;
	3041  :   3B;
	3042  :   2C;
	3043  :   BA;
	3044  :   F8;
	3045  :   71;
	3046  :   B8;
	3047  :   C2;
	3048  :   2C;
	3049  :   7E;
	304A  :   22;
	304B  :   0B;
	304C  :   D6;
	304D  :   E3;
	304E  :   09;
	304F  :   EC;
	3050  :   79;
	3051  :   90;
	3052  :   47;
	3053  :   88;
	3054  :   D1;
	3055  :   63;
	3056  :   21;
	3057  :   11;
	3058  :   A2;
	3059  :   04;
	305A  :   A2;
	305B  :   D3;
	305C  :   94;
	305D  :   B0;
	305E  :   C1;
	305F  :   0C;
	3060  :   63;
	3061  :   7D;
	3062  :   E0;
	3063  :   17;
	3064  :   1B;
	3065  :   6A;
	3066  :   A6;
	3067  :   1E;
	3068  :   DA;
	3069  :   A8;
	306A  :   F4;
	306B  :   22;
	306C  :   D5;
	306D  :   42;
	306E  :   B5;
	306F  :   B8;
	3070  :   C9;
	3071  :   12;
	3072  :   C3;
	3073  :   B4;
	3074  :   B5;
	3075  :   1C;
	3076  :   30;
	3077  :   DD;
	3078  :   57;
	3079  :   F0;
	307A  :   93;
	307B  :   03;
	307C  :   C3;
	307D  :   77;
	307E  :   2C;
	307F  :   B7;
	3080  :   0E;
	3081  :   45;
	3082  :   CC;
	3083  :   D5;
	3084  :   94;
	3085  :   C6;
	3086  :   27;
	3087  :   7E;
	3088  :   06;
	3089  :   FF;
	308A  :   09;
	308B  :   B7;
	308C  :   6B;
	308D  :   2B;
	308E  :   DA;
	308F  :   9F;
	3090  :   22;
	3091  :   D2;
	3092  :   E3;
	3093  :   55;
	3094  :   A7;
	[3095..3096]  :   F1;
	3097  :   1E;
	3098  :   1A;
	3099  :   A4;
	309A  :   82;
	309B  :   D0;
	309C  :   BF;
	309D  :   F5;
	309E  :   01;
	309F  :   83;
	30A0  :   2C;
	30A1  :   C5;
	30A2  :   59;
	30A3  :   52;
	30A4  :   D0;
	30A5  :   5F;
	30A6  :   14;
	30A7  :   41;
	30A8  :   2A;
	30A9  :   F8;
	30AA  :   E5;
	30AB  :   74;
	30AC  :   A1;
	30AD  :   71;
	30AE  :   94;
	30AF  :   93;
	30B0  :   01;
	30B1  :   BC;
	30B2  :   2C;
	30B3  :   C2;
	30B4  :   10;
	30B5  :   2D;
	30B6  :   1E;
	30B7  :   77;
	30B8  :   DE;
	30B9  :   A1;
	30BA  :   BB;
	30BB  :   8B;
	30BC  :   CA;
	30BD  :   E3;
	30BE  :   6A;
	30BF  :   50;
	30C0  :   B7;
	30C1  :   9A;
	30C2  :   13;
	30C3  :   2D;
	30C4  :   C3;
	30C5  :   34;
	30C6  :   2C;
	30C7  :   C1;
	30C8  :   DD;
	30C9  :   22;
	30CA  :   FB;
	30CB  :   93;
	30CC  :   0A;
	30CD  :   7B;
	30CE  :   19;
	30CF  :   6D;
	30D0  :   EA;
	30D1  :   B7;
	30D2  :   F2;
	30D3  :   E2;
	30D4  :   41;
	30D5  :   A8;
	30D6  :   30;
	30D7  :   E1;
	30D8  :   4E;
	30D9  :   56;
	30DA  :   8A;
	30DB  :   FA;
	30DC  :   21;
	30DD  :   97;
	30DE  :   A8;
	30DF  :   5C;
	30E0  :   22;
	30E1  :   4D;
	30E2  :   02;
	30E3  :   2D;
	30E4  :   2C;
	30E5  :   80;
	30E6  :   9C;
	30E7  :   26;
	30E8  :   B5;
	30E9  :   61;
	30EA  :   F0;
	30EB  :   6D;
	30EC  :   1F;
	30ED  :   C8;
	30EE  :   76;
	30EF  :   DD;
	30F0  :   D0;
	30F1  :   EC;
	30F2  :   C6;
	30F3  :   6D;
	30F4  :   19;
	30F5  :   D8;
	30F6  :   5E;
	30F7  :   4D;
	30F8  :   F0;
	30F9  :   C7;
	30FA  :   53;
	30FB  :   94;
	30FC  :   ED;
	30FD  :   D4;
	30FE  :   D0;
	30FF  :   C1;
	[3100..3101]  :   F1;
	3102  :   E5;
	3103  :   D5;
	3104  :   C5;
	3105  :   C9;
	3106  :   D1;
	3107  :   E1;
	3108  :   7D;
	3109  :   B4;
	310A  :   C8;
	310B  :   2B;
	310C  :   AD;
	310D  :   3E;
	310E  :   E5;
	310F  :   63;
	3110  :   D3;
	3111  :   6E;
	3112  :   26;
	3113  :   9E;
	3114  :   6B;
	3115  :   50;
	3116  :   59;
	3117  :   2B;
	3118  :   A2;
	3119  :   6C;
	311A  :   DF;
	311B  :   35;
	311C  :   B3;
	311D  :   B1;
	311E  :   E8;
	311F  :   34;
	3120  :   B1;
	3121  :   B7;
	3122  :   B5;
	3123  :   AE;
	3124  :   95;
	3125  :   40;
	3126  :   FC;
	3127  :   B8;
	3128  :   8D;
	3129  :   5E;
	312A  :   FB;
	312B  :   F9;
	312C  :   AF;
	312D  :   4B;
	312E  :   7E;
	312F  :   E6;
	3130  :   83;
	3131  :   E5;
	3132  :   86;
	3133  :   1E;
	3134  :   1C;
	3135  :   15;
	3136  :   E7;
	3137  :   EC;
	3138  :   16;
	3139  :   2C;
	313A  :   D1;
	313B  :   52;
	313C  :   9A;
	313D  :   E3;
	313E  :   D3;
	313F  :   B1;
	3140  :   2D;
	3141  :   AA;
	3142  :   BB;
	3143  :   A4;
	3144  :   EB;
	3145  :   8E;
	3146  :   97;
	3147  :   2D;
	3148  :   FA;
	3149  :   9E;
	314A  :   21;
	314B  :   6E;
	314C  :   27;
	314D  :   3B;
	314E  :   7D;
	314F  :   C3;
	3150  :   4D;
	3151  :   2C;
	3152  :   27;
	3153  :   99;
	3154  :   F4;
	3155  :   0E;
	3156  :   C1;
	3157  :   E1;
	3158  :   2C;
	3159  :   2D;
	315A  :   C8;
	315B  :   0A;
	315C  :   12;
	315D  :   03;
	315E  :   13;
	315F  :   C3;
	3160  :   A2;
	3161  :   2D;
	3162  :   7E;
	3163  :   F6;
	3164  :   83;
	3165  :   16;
	3166  :   3F;
	3167  :   16;
	3168  :   05;
	3169  :   88;
	316A  :   DC;
	316B  :   66;
	316C  :   EB;
	316D  :   C0;
	316E  :   22;
	316F  :   94;
	3170  :   40;
	3171  :   36;
	3172  :   1B;
	3173  :   4E;
	3174  :   B2;
	3175  :   70;
	3176  :   67;
	3177  :   51;
	3178  :   2D;
	3179  :   47;
	317A  :   09;
	317B  :   2D;
	317C  :   B6;
	317D  :   63;
	317E  :   9B;
	317F  :   01;
	3180  :   F4;
	3181  :   71;
	3182  :   6B;
	3183  :   9D;
	3184  :   E1;
	3185  :   2D;
	3186  :   AF;
	3187  :   57;
	3188  :   69;
	3189  :   EE;
	318A  :   A1;
	318B  :   7E;
	318C  :   B7;
	318D  :   C9;
	318E  :   C5;
	318F  :   DC;
	3190  :   2D;
	3191  :   CC;
	3192  :   7F;
	3193  :   1E;
	3194  :   63;
	3195  :   AA;
	3196  :   58;
	3197  :   EF;
	3198  :   0D;
	3199  :   47;
	319A  :   AF;
	319B  :   1E;
	319C  :   41;
	319D  :   50;
	319E  :   1E;
	319F  :   00;
	31A0  :   21;
	31A1  :   45;
	31A2  :   AA;
	31A3  :   9D;
	31A4  :   73;
	31A5  :   90;
	31A6  :   75;
	31A7  :   DA;
	31A8  :   A5;
	31A9  :   E6;
	31AA  :   77;
	31AB  :   CD;
	31AC  :   BB;
	31AD  :   2E;
	31AE  :   F3;
	31AF  :   BE;
	31B0  :   DF;
	31B1  :   C1;
	31B2  :   07;
	31B3  :   EB;
	31B4  :   A5;
	31B5  :   96;
	31B6  :   34;
	31B7  :   AF;
	31B8  :   E3;
	31B9  :   4F;
	31BA  :   E5;
	31BB  :   7E;
	31BC  :   B8;
	31BD  :   DA;
	31BE  :   22;
	31BF  :   2E;
	31C0  :   78;
	31C1  :   11;
	31C2  :   0E;
	31C3  :   00;
	31C4  :   C5;
	31C5  :   B6;
	31C6  :   E2;
	31C7  :   EF;
	31C8  :   D2;
	31C9  :   E5;
	31CA  :   E7;
	31CB  :   A3;
	31CC  :   46;
	31CD  :   66;
	31CE  :   68;
	31CF  :   2D;
	31D0  :   98;
	31D1  :   D6;
	31D2  :   35;
	31D3  :   1C;
	31D4  :   D3;
	31D5  :   AE;
	31D6  :   DF;
	31D7  :   7E;
	31D8  :   99;
	31D9  :   A0;
	31DA  :   E0;
	31DB  :   D1;
	31DC  :   D5;
	31DD  :   1A;
	31DE  :   6D;
	31DF  :   AD;
	31E0  :   18;
	31E1  :   2E;
	31E2  :   EB;
	31E3  :   7E;
	31E4  :   9B;
	31E5  :   24;
	31E6  :   59;
	31E7  :   D4;
	31E8  :   1E;
	31E9  :   FF;
	31EA  :   FE;
	31EB  :   29;
	31EC  :   C4;
	31ED  :   AE;
	31EE  :   62;
	31EF  :   28;
	31F0  :   0E;
	31F1  :   F1;
	31F2  :   E3;
	31F3  :   01;
	31F4  :   1A;
	31F5  :   DF;
	31F6  :   38;
	31F7  :   3D;
	31F8  :   BE;
	31F9  :   95;
	31FA  :   1E;
	31FB  :   D0;
	31FC  :   4F;
	31FD  :   7E;
	31FE  :   91;
	31FF  :   BB;
	3200  :   47;
	3201  :   D8;
	3202  :   43;
	3203  :   C9;
	3204  :   2E;
	3205  :   93;
	3206  :   32;
	3207  :   18;
	3208  :   41;
	3209  :   CD;
	320A  :   17;
	320B  :   41;
	320C  :   51;
	320D  :   78;
	320E  :   8A;
	320F  :   7A;
	3210  :   A5;
	3211  :   2E;
	3212  :   C3;
	3213  :   1A;
	3214  :   41;
	3215  :   F4;
	3216  :   C7;
	3217  :   D5;
	3218  :   72;
	3219  :   E8;
	321A  :   98;
	321B  :   0F;
	321C  :   7B;
	321D  :   D1;
	321E  :   A3;
	321F  :   47;
	3220  :   C3;
	3221  :   1D;
	3222  :   41;
	3223  :   EB;
	3224  :   88;
	3225  :   D0;
	3226  :   C1;
	3227  :   27;
	3228  :   8D;
	3229  :   47;
	322A  :   04;
	322B  :   05;
	322C  :   BA;
	322D  :   92;
	322E  :   9B;
	322F  :   B8;
	3230  :   2A;
	3231  :   1E;
	3232  :   2D;
	3233  :   32;
	3234  :   1B;
	3235  :   1E;
	3236  :   02;
	3237  :   F5;
	3238  :   C3;
	3239  :   E7;
	323A  :   53;
	323B  :   56;
	323C  :   23;
	323D  :   66;
	323E  :   1E;
	323F  :   42;
	3240  :   33;
	3241  :   FE;
	3242  :   C4;
	3243  :   C3;
	3244  :   8A;
	3245  :   DE;
	3246  :   7B;
	3247  :   3C;
	3248  :   0D;
	3249  :   CA;
	324A  :   5C;
	324B  :   2F;
	324C  :   5F;
	324D  :   8D;
	324E  :   3A;
	324F  :   61;
	3250  :   B9;
	3251  :   DF;
	3252  :   19;
	3253  :   46;
	3254  :   72;
	3255  :   E3;
	3256  :   C5;
	3257  :   E7;
	3258  :   99;
	3259  :   61;
	325A  :   91;
	325B  :   D6;
	325C  :   70;
	325D  :   C9;
	325E  :   21;
	325F  :   D3;
	3260  :   33;
	3261  :   0E;
	3262  :   9E;
	3263  :   C3;
	3264  :   F6;
	3265  :   2E;
	3266  :   F4;
	3267  :   BC;
	3268  :   21;
	3269  :   55;
	326A  :   4A;
	326B  :   0A;
	326C  :   D7;
	326D  :   78;
	326E  :   4D;
	326F  :   54;
	3270  :   6C;
	3271  :   E6;
	3272  :   71;
	3273  :   67;
	3274  :   25;
	3275  :   F1;
	3276  :   C0;
	3277  :   90;
	3278  :   D2;
	3279  :   10;
	[327A..327B]  :   2F;
	327C  :   3C;
	327D  :   EB;
	327E  :   B1;
	327F  :   78;
	3280  :   3E;
	3281  :   D4;
	3282  :   1B;
	3283  :   15;
	3284  :   58;
	3285  :   FE;
	3286  :   19;
	3287  :   D0;
	3288  :   F5;
	3289  :   CD;
	328A  :   9D;
	328B  :   31;
	328C  :   67;
	328D  :   F1;
	328E  :   CD;
	328F  :   BD;
	3290  :   2F;
	3291  :   B4;
	3292  :   21;
	3293  :   C1;
	3294  :   40;
	3295  :   F2;
	3296  :   36;
	3297  :   2F;
	3298  :   CD;
	3299  :   9D;
	329A  :   2F;
	329B  :   D2;
	329C  :   7C;
	329D  :   2F;
	329E  :   23;
	329F  :   34;
	32A0  :   CC;
	32A1  :   98;
	32A2  :   2F;
	32A3  :   2E;
	32A4  :   01;
	32A5  :   CD;
	32A6  :   D3;
	32A7  :   2F;
	32A8  :   C3;
	32A9  :   7C;
	32AA  :   2F;
	32AB  :   AF;
	32AC  :   90;
	32AD  :   47;
	32AE  :   7E;
	32AF  :   9B;
	32B0  :   5F;
	32B1  :   23;
	32B2  :   7E;
	32B3  :   9A;
	32B4  :   57;
	32B5  :   23;
	32B6  :   7E;
	32B7  :   99;
	32B8  :   4F;
	32B9  :   DC;
	32BA  :   A9;
	32BB  :   2F;
	32BC  :   68;
	32BD  :   63;
	32BE  :   AF;
	32BF  :   47;
	32C0  :   79;
	32C1  :   B7;
	32C2  :   C2;
	32C3  :   69;
	32C4  :   2F;
	32C5  :   4A;
	32C6  :   54;
	32C7  :   65;
	32C8  :   6F;
	32C9  :   78;
	32CA  :   D6;
	32CB  :   08;
	32CC  :   FE;
	32CD  :   E0;
	32CE  :   C2;
	32CF  :   4A;
	32D0  :   2F;
	32D1  :   AF;
	32D2  :   32;
	32D3  :   C4;
	32D4  :   40;
	32D5  :   C9;
	32D6  :   05;
	32D7  :   29;
	32D8  :   7A;
	32D9  :   17;
	32DA  :   57;
	32DB  :   79;
	32DC  :   8F;
	32DD  :   4F;
	32DE  :   F2;
	32DF  :   61;
	32E0  :   2F;
	32E1  :   78;
	32E2  :   5C;
	32E3  :   45;
	32E4  :   EE;
	32E5  :   87;
	32E6  :   21;
	32E7  :   D5;
	32E8  :   76;
	32E9  :   86;
	32EA  :   77;
	32EB  :   D2;
	32EC  :   A9;
	32ED  :   3A;
	32EE  :   C8;
	32EF  :   78;
	32F0  :   EC;
	32F1  :   1E;
	32F2  :   B7;
	32F3  :   FC;
	32F4  :   8E;
	32F5  :   2F;
	32F6  :   46;
	32F7  :   77;
	32F8  :   1E;
	32F9  :   E6;
	32FA  :   80;
	32FB  :   A9;
	32FC  :   4F;
	32FD  :   C3;
	32FE  :   01;
	32FF  :   07;
	3300  :   1C;
	3301  :   C0;
	3302  :   14;
	3303  :   C0;
	3304  :   0C;
	3305  :   C0;
	3306  :   0E;
	3307  :   80;
	3308  :   34;
	3309  :   56;
	330A  :   85;
	330B  :   98;
	330C  :   0A;
	330D  :   EA;
	330E  :   7E;
	330F  :   83;
	3310  :   38;
	3311  :   8A;
	3312  :   6B;
	3313  :   89;
	3314  :   65;
	3315  :   77;
	3316  :   E8;
	3317  :   C5;
	3318  :   40;
	3319  :   7E;
	331A  :   2F;
	331B  :   77;
	331C  :   AF;
	331D  :   6F;
	331E  :   0D;
	331F  :   7D;
	3320  :   B8;
	3321  :   7D;
	3322  :   0F;
	3323  :   F3;
	3324  :   7D;
	3325  :   99;
	3326  :   D9;
	3327  :   55;
	3328  :   97;
	3329  :   2D;
	332A  :   DA;
	332B  :   CC;
	332C  :   2F;
	332D  :   43;
	332E  :   5A;
	332F  :   51;
	3330  :   0E;
	3331  :   11;
	3332  :   61;
	3333  :   21;
	3334  :   59;
	3335  :   BF;
	3336  :   2F;
	3337  :   C6;
	3338  :   09;
	3339  :   6F;
	333A  :   AF;
	333B  :   2D;
	333C  :   C8;
	333D  :   79;
	333E  :   1F;
	333F  :   4F;
	3340  :   7A;
	3341  :   1F;
	3342  :   57;
	3343  :   7B;
	3344  :   1F;
	3345  :   5F;
	3346  :   78;
	3347  :   1F;
	3348  :   47;
	3349  :   C3;
	334A  :   CF;
	334B  :   2F;
	334C  :   94;
	334D  :   C4;
	334E  :   81;
	334F  :   03;
	3350  :   AA;
	3351  :   56;
	3352  :   19;
	3353  :   80;
	3354  :   F1;
	3355  :   22;
	3356  :   76;
	3357  :   80;
	3358  :   45;
	3359  :   AA;
	335A  :   38;
	335B  :   82;
	335C  :   2D;
	335D  :   98;
	335E  :   46;
	335F  :   B6;
	3360  :   B3;
	3361  :   EC;
	3362  :   91;
	3363  :   E0;
	3364  :   05;
	3365  :   5D;
	3366  :   71;
	3367  :   01;
	3368  :   35;
	3369  :   80;
	336A  :   11;
	336B  :   F3;
	336C  :   04;
	336D  :   90;
	336E  :   F5;
	336F  :   70;
	3370  :   6C;
	3371  :   90;
	[3372..3373]  :   C1;
	3374  :   A8;
	3375  :   43;
	3376  :   04;
	3377  :   AD;
	3378  :   8D;
	3379  :   30;
	337A  :   E1;
	337B  :   82;
	337C  :   1B;
	337D  :   ED;
	337E  :   2E;
	337F  :   21;
	3380  :   E5;
	3381  :   D6;
	3382  :   51;
	3383  :   D4;
	3384  :   34;
	3385  :   5A;
	3386  :   AB;
	3387  :   80;
	3388  :   7B;
	3389  :   CA;
	338A  :   20;
	338B  :   E1;
	338C  :   E3;
	338D  :   C7;
	338E  :   32;
	338F  :   01;
	3390  :   31;
	3391  :   E7;
	3392  :   18;
	3393  :   72;
	3394  :   3E;
	3395  :   7C;
	3396  :   7B;
	3397  :   39;
	3398  :   C8;
	3399  :   2E;
	339A  :   D5;
	339B  :   03;
	339C  :   F5;
	339D  :   30;
	339E  :   79;
	339F  :   32;
	33A0  :   2C;
	33A1  :   41;
	33A2  :   EB;
	33A3  :   22;
	33A4  :   27;
	33A5  :   41;
	33A6  :   01;
	[33A7..33A8]  :   00;
	33A9  :   50;
	33AA  :   58;
	33AB  :   21;
	33AC  :   47;
	33AD  :   2F;
	33AE  :   E5;
	33AF  :   21;
	33B0  :   57;
	33B1  :   30;
	[33B2..33B3]  :   E5;
	33B4  :   2C;
	33B5  :   92;
	33B6  :   36;
	33B7  :   03;
	33B8  :   2D;
	33B9  :   E7;
	33BA  :   7A;
	[33BB..33BC]  :   EB;
	33BD  :   1E;
	33BE  :   08;
	33BF  :   60;
	33C0  :   EB;
	33C1  :   DA;
	33C2  :   79;
	33C3  :   DC;
	33C4  :   25;
	33C5  :   41;
	33C6  :   D9;
	33C7  :   7C;
	33C8  :   8A;
	33C9  :   67;
	33CA  :   7D;
	33CB  :   98;
	33CC  :   6F;
	33CD  :   71;
	33CE  :   1D;
	33CF  :   7A;
	33D0  :   C2;
	33D1  :   61;
	33D2  :   30;
	33D3  :   2D;
	33D4  :   9E;
	33D5  :   B7;
	33D6  :   94;
	33D7  :   7D;
	33D8  :   29;
	33D9  :   10;
	33DA  :   FD;
	33DB  :   01;
	33DC  :   20;
	33DD  :   84;
	33DE  :   3A;
	33DF  :   E2;
	33E0  :   07;
	33E1  :   50;
	33E2  :   1E;
	33E3  :   CC;
	33E4  :   B4;
	33E5  :   14;
	33E6  :   2E;
	33E7  :   FF;
	33E8  :   4C;
	33E9  :   97;
	[33EA..33EB]  :   34;
	33EC  :   2B;
	33ED  :   7E;
	33EE  :   32;
	33EF  :   37;
	33F0  :   41;
	33F1  :   A8;
	33F2  :   F6;
	33F3  :   33;
	33F4  :   2B;
	33F5  :   2F;
	33F6  :   81;
	33F7  :   31;
	33F8  :   7B;
	33F9  :   AF;
	33FA  :   4F;
	33FB  :   57;
	33FC  :   5F;
	33FD  :   32;
	33FE  :   3A;
	33FF  :   41;
	3400  :   E5;
	3401  :   C5;
	3402  :   7D;
	3403  :   CD;
	3404  :   2E;
	3405  :   41;
	3406  :   DE;
	3407  :   00;
	3408  :   3F;
	3409  :   D2;
	340A  :   C5;
	340B  :   30;
	340C  :   E2;
	340D  :   56;
	340E  :   E9;
	340F  :   57;
	3410  :   37;
	3411  :   D2;
	3412  :   C1;
	3413  :   E1;
	3414  :   79;
	3415  :   3C;
	3416  :   3D;
	3417  :   1F;
	3418  :   FA;
	3419  :   7D;
	341A  :   2F;
	341B  :   17;
	341C  :   7B;
	341D  :   17;
	341E  :   5F;
	341F  :   3A;
	3420  :   22;
	3421  :   17;
	3422  :   87;
	3423  :   29;
	3424  :   78;
	3425  :   17;
	3426  :   47;
	3427  :   3A;
	3428  :   BA;
	3429  :   C5;
	342A  :   17;
	342B  :   BC;
	342C  :   1D;
	342D  :   79;
	342E  :   B2;
	342F  :   B3;
	3430  :   C2;
	3431  :   B2;
	3432  :   DA;
	3433  :   E9;
	3434  :   22;
	3435  :   3A;
	3436  :   35;
	3437  :   E1;
	3438  :   EE;
	3439  :   35;
	343A  :   CD;
	343B  :   98;
	343C  :   D6;
	343D  :   EF;
	343E  :   0D;
	343F  :   AE;
	3440  :   19;
	3441  :   7D;
	3442  :   DE;
	3443  :   90;
	3444  :   D3;
	3445  :   AE;
	3446  :   80;
	3447  :   47;
	3448  :   1F;
	3449  :   A8;
	344A  :   78;
	344B  :   F2;
	344C  :   18;
	344D  :   31;
	344E  :   C6;
	344F  :   80;
	3450  :   77;
	3451  :   E7;
	3452  :   D6;
	3453  :   CB;
	3454  :   0F;
	3455  :   76;
	3456  :   77;
	3457  :   2B;
	3458  :   C9;
	3459  :   F4;
	345A  :   87;
	345B  :   2F;
	345C  :   E1;
	345D  :   B7;
	345E  :   E1;
	345F  :   F2;
	3460  :   5F;
	3461  :   BD;
	3462  :   AB;
	3463  :   B4;
	3464  :   FB;
	3465  :   83;
	3466  :   E7;
	3467  :   A6;
	3468  :   C6;
	3469  :   02;
	346A  :   DC;
	346B  :   B2;
	346C  :   EB;
	346D  :   47;
	346E  :   F2;
	346F  :   ED;
	3470  :   98;
	3471  :   7B;
	3472  :   C9;
	3473  :   D2;
	3474  :   4F;
	3475  :   84;
	3476  :   4A;
	3477  :   7B;
	3478  :   C3;
	3479  :   B9;
	347A  :   FE;
	347B  :   1B;
	347C  :   F8;
	347D  :   9F;
	347E  :   C0;
	347F  :   3C;
	3480  :   9A;
	3481  :   DB;
	3482  :   06;
	3483  :   88;
	3484  :   74;
	3485  :   A1;
	3486  :   C2;
	3487  :   7A;
	3488  :   4F;
	3489  :   70;
	348A  :   06;
	348B  :   00;
	348C  :   23;
	348D  :   36;
	348E  :   80;
	348F  :   17;
	3490  :   C3;
	3491  :   44;
	3492  :   2F;
	3493  :   D4;
	3494  :   38;
	3495  :   F0;
	3496  :   21;
	3497  :   B9;
	3498  :   ED;
	3499  :   7E;
	349A  :   EE;
	349B  :   47;
	349C  :   C9;
	349D  :   46;
	349E  :   9E;
	349F  :   6F;
	34A0  :   2A;
	34A1  :   E5;
	34A2  :   02;
	34A3  :   CE;
	34A4  :   EB;
	34A5  :   A3;
	34A6  :   86;
	34A7  :   51;
	34A8  :   B0;
	34A9  :   18;
	34AA  :   3F;
	34AB  :   6E;
	34AC  :   E1;
	34AD  :   CB;
	34AE  :   E5;
	34AF  :   A2;
	34B0  :   13;
	34B1  :   06;
	34B2  :   D5;
	34B3  :   53;
	34B4  :   2C;
	34B5  :   D4;
	34B6  :   38;
	34B7  :   0D;
	34B8  :   E9;
	34B9  :   6C;
	34BA  :   06;
	34BB  :   04;
	34BC  :   1A;
	34BD  :   77;
	34BE  :   13;
	34BF  :   19;
	34C0  :   75;
	34C1  :   F8;
	34C2  :   94;
	34C3  :   31;
	34C4  :   C9;
	34C5  :   86;
	34C6  :   4E;
	34C7  :   07;
	34C8  :   37;
	34C9  :   1F;
	34CA  :   77;
	34CB  :   3F;
	34CC  :   1F;
	[34CD..34CE]  :   23;
	34CF  :   77;
	34D0  :   79;
	34D1  :   EC;
	34D2  :   83;
	34D3  :   4F;
	34D4  :   1F;
	34D5  :   AE;
	34D6  :   C9;
	34D7  :   B6;
	34D8  :   0A;
	34D9  :   80;
	34DA  :   E3;
	34DB  :   4B;
	34DC  :   21;
	34DD  :   40;
	34DE  :   41;
	34DF  :   B8;
	34E0  :   C8;
	34E1  :   F3;
	34E2  :   E9;
	34E3  :   79;
	34E4  :   C8;
	34E5  :   B4;
	34E6  :   28;
	34E7  :   AE;
	34E8  :   79;
	34E9  :   F8;
	34EA  :   CD;
	34EB  :   CF;
	34EC  :   31;
	34ED  :   0E;
	34EE  :   A9;
	34EF  :   C9;
	34F0  :   23;
	34F1  :   78;
	34F2  :   BE;
	34F3  :   C0;
	34F4  :   2B;
	34F5  :   79;
	34F6  :   F8;
	34F7  :   A6;
	34F8  :   7A;
	34F9  :   2B;
	34FA  :   7B;
	34FB  :   96;
	34FC  :   E1;
	34FD  :   2C;
	34FE  :   31;
	34FF  :   47;
	3500  :   B7;
	3501  :   92;
	3502  :   A9;
	3503  :   AD;
	3504  :   AB;
	3505  :   83;
	3506  :   A5;
	3507  :   42;
	3508  :   6D;
	3509  :   AE;
	350A  :   67;
	350B  :   FC;
	350C  :   06;
	350D  :   32;
	350E  :   3E;
	350F  :   98;
	3510  :   90;
	3511  :   CD;
	3512  :   BD;
	3513  :   2F;
	3514  :   7C;
	3515  :   17;
	3516  :   DC;
	3517  :   8E;
	3518  :   C6;
	3519  :   A9;
	351A  :   86;
	351B  :   E4;
	351C  :   B9;
	351D  :   E8;
	351E  :   1B;
	351F  :   7A;
	3520  :   A3;
	3521  :   3C;
	3522  :   C0;
	3523  :   0D;
	3524  :   21;
	3525  :   C4;
	3526  :   9D;
	3527  :   FE;
	3528  :   98;
	3529  :   3A;
	352A  :   B0;
	352B  :   F9;
	352C  :   D0;
	352D  :   93;
	352E  :   8B;
	352F  :   E2;
	3530  :   31;
	3531  :   36;
	3532  :   98;
	3533  :   7B;
	3534  :   F5;
	3535  :   2D;
	3536  :   6D;
	3537  :   CD;
	3538  :   BD;
	3539  :   71;
	353A  :   F1;
	353B  :   CF;
	353C  :   93;
	353D  :   4B;
	353E  :   78;
	353F  :   B1;
	3540  :   C8;
	3541  :   3E;
	3542  :   10;
	3543  :   29;
	3544  :   02;
	3545  :   56;
	3546  :   97;
	3547  :   EB;
	3548  :   29;
	3549  :   EB;
	354A  :   D2;
	354B  :   3C;
	354C  :   32;
	354D  :   09;
	354E  :   A4;
	354F  :   EC;
	3550  :   7B;
	3551  :   3D;
	3552  :   C2;
	3553  :   2E;
	3554  :   32;
	3555  :   C9;
	3556  :   FE;
	3557  :   2D;
	3558  :   F5;
	3559  :   CA;
	355A  :   4D;
	355B  :   32;
	355C  :   FE;
	355D  :   2B;
	355E  :   F6;
	355F  :   56;
	3560  :   EF;
	3561  :   CE;
	3562  :   5C;
	3563  :   B7;
	3564  :   27;
	3565  :   D5;
	3566  :   2F;
	3567  :   22;
	3568  :   06;
	3569  :   EA;
	356A  :   B0;
	356B  :   D9;
	356C  :   2E;
	356D  :   E6;
	356E  :   8B;
	356F  :   F7;
	3570  :   45;
	3571  :   C2;
	3572  :   8F;
	3573  :   EC;
	3574  :   E0;
	3575  :   97;
	3576  :   03;
	3577  :   7D;
	3578  :   32;
	3579  :   E3;
	357A  :   15;
	357B  :   FE;
	357C  :   D0;
	357D  :   C8;
	357E  :   8F;
	357F  :   A1;
	3580  :   C8;
	3581  :   14;
	3582  :   A5;
	3583  :   A8;
	3584  :   F3;
	3585  :   CF;
	3586  :   FA;
	3587  :   F1;
	3588  :   2B;
	3589  :   B0;
	358A  :   D2;
	358B  :   BA;
	358C  :   14;
	358D  :   BC;
	358E  :   55;
	358F  :   CB;
	3590  :   AF;
	3591  :   93;
	3592  :   5F;
	[3593..3594]  :   0C;
	3595  :   CA;
	3596  :   55;
	3597  :   32;
	3598  :   E5;
	3599  :   7B;
	359A  :   90;
	359B  :   F4;
	359C  :   A8;
	359D  :   32;
	359E  :   F2;
	359F  :   9E;
	35A0  :   32;
	35A1  :   F5;
	35A2  :   CD;
	35A3  :   7F;
	35A4  :   30;
	35A5  :   F1;
	35A6  :   3C;
	35A7  :   C2;
	35A8  :   92;
	35A9  :   32;
	35AA  :   D1;
	35AB  :   F1;
	35AC  :   CC;
	35AD  :   60;
	35AE  :   31;
	35AF  :   B7;
	35B0  :   C8;
	35B1  :   8A;
	35B2  :   DF;
	35B3  :   20;
	35B4  :   31;
	35B5  :   13;
	35B6  :   3D;
	35B7  :   C9;
	35B8  :   D5;
	35B9  :   57;
	35BA  :   78;
	35BB  :   89;
	35BC  :   47;
	35BD  :   C5;
	35BE  :   E5;
	35BF  :   D5;
	35C0  :   F0;
	35C1  :   E4;
	35C2  :   5C;
	35C3  :   2F;
	35C4  :   6B;
	35C5  :   D6;
	35C6  :   E1;
	35C7  :   4B;
	35C8  :   93;
	35C9  :   C3;
	35CA  :   D3;
	35CB  :   91;
	35CC  :   71;
	35CD  :   6B;
	35CE  :   45;
	35CF  :   49;
	35D0  :   B5;
	35D1  :   EA;
	35D2  :   93;
	35D3  :   BB;
	35D4  :   7B;
	[35D5..35D6]  :   07;
	35D7  :   83;
	35D8  :   07;
	35D9  :   86;
	35DA  :   8F;
	35DB  :   C9;
	35DC  :   5F;
	35DD  :   C3;
	35DE  :   1D;
	35DF  :   45;
	35E0  :   62;
	35E1  :   4B;
	35E2  :   02;
	35E3  :   14;
	35E4  :   0C;
	35E5  :   58;
	35E6  :   41;
	35E7  :   2D;
	35E8  :   4C;
	35E9  :   1C;
	35EA  :   21;
	35EB  :   6C;
	35EC  :   2B;
	35ED  :   F9;
	35EE  :   D3;
	35EF  :   39;
	35F0  :   98;
	35F1  :   5E;
	35F2  :   36;
	35F3  :   20;
	35F4  :   F2;
	35F5  :   FC;
	35F6  :   32;
	35F7  :   36;
	35F8  :   2D;
	35F9  :   23;
	35FA  :   36;
	35FB  :   30;
	35FC  :   CA;
	35FD  :   A8;
	35FE  :   33;
	35FF  :   E5;
	3600  :   FC;
	3601  :   41;
	3602  :   E5;
	3603  :   AF;
	3604  :   45;
	3605  :   DB;
	3606  :   AE;
	3607  :   33;
	3608  :   01;
	3609  :   43;
	360A  :   91;
	360B  :   11;
	360C  :   F8;
	360D  :   88;
	360E  :   0E;
	360F  :   C2;
	3610  :   71;
	3611  :   E2;
	3612  :   2B;
	3613  :   33;
	3614  :   B6;
	3615  :   1D;
	3616  :   A9;
	3617  :   F5;
	3618  :   76;
	3619  :   C3;
	361A  :   0B;
	361B  :   33;
	361C  :   EE;
	361D  :   3B;
	361E  :   C0;
	361F  :   9C;
	3620  :   EF;
	3621  :   E4;
	3622  :   2E;
	3623  :   3C;
	3624  :   EA;
	3625  :   D3;
	3626  :   31;
	3627  :   78;
	3628  :   06;
	3629  :   01;
	362A  :   06;
	362B  :   02;
	362C  :   F1;
	362D  :   81;
	362E  :   FA;
	362F  :   46;
	3630  :   33;
	3631  :   FE;
	3632  :   BC;
	3633  :   D2;
	3634  :   F7;
	3635  :   42;
	3636  :   CA;
	3637  :   91;
	3638  :   DE;
	3639  :   01;
	363A  :   3D;
	363B  :   E1;
	363C  :   F5;
	363D  :   11;
	363E  :   D7;
	363F  :   33;
	3640  :   05;
	3641  :   36;
	3642  :   2E;
	3643  :   CC;
	3644  :   8D;
	3645  :   31;
	3646  :   C6;
	3647  :   A0;
	3648  :   83;
	3649  :   CD;
	364A  :   E1;
	364B  :   06;
	364C  :   2F;
	364D  :   04;
	364E  :   01;
	364F  :   58;
	3650  :   83;
	3651  :   88;
	3652  :   7A;
	3653  :   9E;
	3654  :   B1;
	3655  :   79;
	3656  :   9E;
	3657  :   63;
	3658  :   A5;
	3659  :   D2;
	365A  :   5B;
	365B  :   B5;
	365C  :   7F;
	365D  :   9D;
	365E  :   3B;
	365F  :   75;
	3660  :   84;
	3661  :   19;
	3662  :   09;
	[3663..3664]  :   70;
	3665  :   23;
	3666  :   C1;
	3667  :   0D;
	3668  :   C2;
	3669  :   4C;
	366A  :   33;
	366B  :   56;
	366C  :   17;
	366D  :   27;
	366E  :   8C;
	366F  :   33;
	3670  :   6B;
	3671  :   F7;
	3672  :   80;
	3673  :   04;
	3674  :   B9;
	3675  :   3A;
	3676  :   8D;
	3677  :   36;
	3678  :   F1;
	3679  :   CA;
	367A  :   AB;
	367B  :   33;
	367C  :   36;
	367D  :   45;
	367E  :   D5;
	367F  :   6D;
	3680  :   2B;
	3681  :   F2;
	3682  :   9C;
	3683  :   D1;
	3684  :   C5;
	3685  :   E9;
	3686  :   D5;
	3687  :   7A;
	3688  :   6E;
	3689  :   D6;
	368A  :   0A;
	368B  :   D2;
	368C  :   9E;
	368D  :   33;
	368E  :   C6;
	368F  :   3A;
	3690  :   9D;
	3691  :   71;
	3692  :   77;
	3693  :   23;
	3694  :   71;
	3695  :   68;
	3696  :   54;
	3697  :   71;
	3698  :   74;
	3699  :   94;
	369A  :   11;
	369B  :   F7;
	369C  :   23;
	369D  :   1F;
	369E  :   DC;
	369F  :   7A;
	36A0  :   B8;
	36A1  :   22;
	36A2  :   B4;
	36A3  :   E9;
	36A4  :   42;
	36A5  :   9D;
	36A6  :   56;
	36A7  :   E1;
	36A8  :   A7;
	36A9  :   7D;
	36AA  :   EA;
	36AB  :   CC;
	36AC  :   33;
	36AD  :   E6;
	36AE  :   FB;
	36AF  :   C3;
	36B0  :   CE;
	36B1  :   33;
	36B2  :   F6;
	36B3  :   04;
	36B4  :   6F;
	36B5  :   E5;
	36B6  :   F1;
	36B7  :   B7;
	36B8  :   42;
	36B9  :   52;
	36BA  :   92;
	36BB  :   80;
	36BC  :   A0;
	36BD  :   86;
	36BE  :   01;
	36BF  :   10;
	36C0  :   27;
	36C1  :   8A;
	36C2  :   E8;
	36C3  :   03;
	36C4  :   8A;
	36C5  :   64;
	36C6  :   0A;
	36C7  :   28;
	36C8  :   01;
	36C9  :   B6;
	36CA  :   21;
	36CB  :   35;
	36CC  :   32;
	36CD  :   E3;
	36CE  :   E9;
	36CF  :   B2;
	36D0  :   D0;
	36D1  :   EC;
	36D2  :   E6;
	36D3  :   75;
	36D4  :   26;
	36D5  :   28;
	36D6  :   74;
	36D7  :   CA;
	36D8  :   35;
	36D9  :   34;
	36DA  :   A3;
	36DB  :   6C;
	36DC  :   5D;
	36DD  :   2F;
	36DE  :   56;
	36DF  :   09;
	36E0  :   AD;
	36E1  :   79;
	36E2  :   7F;
	36E3  :   A7;
	36E4  :   98;
	36E5  :   F2;
	36E6  :   1D;
	36E7  :   34;
	36E8  :   52;
	36E9  :   F2;
	36EA  :   88;
	36EB  :   0D;
	36EC  :   32;
	36ED  :   BF;
	36EE  :   F5;
	36EF  :   3A;
	36F0  :   57;
	36F1  :   9D;
	36F2  :   15;
	36F3  :   A6;
	36F4  :   63;
	36F5  :   C3;
	36F6  :   A7;
	36F7  :   C1;
	36F8  :   DC;
	36F9  :   E9;
	36FA  :   33;
	36FB  :   5B;
	36FC  :   F6;
	36FD  :   A2;
	36FE  :   C8;
	36FF  :   F2;
	3700  :   2F;
	3701  :   27;
	3702  :   CD;
	3703  :   35;
	3704  :   30;
	3705  :   57;
	3706  :   94;
	3707  :   8A;
	3708  :   38;
	3709  :   81;
	[370A..370B]  :   3B;
	370C  :   AA;
	370D  :   E8;
	370E  :   41;
	370F  :   79;
	3710  :   56;
	3711  :   BB;
	3712  :   88;
	3713  :   D2;
	3714  :   13;
	3715  :   90;
	3716  :   0C;
	3717  :   77;
	3718  :   2E;
	3719  :   B1;
	371A  :   DA;
	371B  :   ED;
	371C  :   D4;
	371D  :   F5;
	371E  :   EB;
	371F  :   7E;
	3720  :   E7;
	3721  :   03;
	3722  :   0D;
	3723  :   3E;
	3724  :   91;
	3725  :   6C;
	3726  :   EE;
	3727  :   F3;
	3728  :   ED;
	3729  :   60;
	372A  :   15;
	372B  :   28;
	372C  :   75;
	372D  :   34;
	372E  :   C2;
	372F  :   A5;
	3730  :   34;
	3731  :   BC;
	3732  :   9E;
	3733  :   C1;
	3734  :   4A;
	3735  :   C3;
	3736  :   99;
	3737  :   41;
	3738  :   DA;
	3739  :   08;
	373A  :   40;
	373B  :   2E;
	373C  :   94;
	373D  :   74;
	373E  :   70;
	373F  :   4F;
	3740  :   2E;
	3741  :   77;
	3742  :   6E;
	3743  :   02;
	3744  :   88;
	3745  :   7A;
	3746  :   E6;
	3747  :   A0;
	3748  :   2A;
	3749  :   7C;
	374A  :   50;
	[374B..374C]  :   AA;
	374D  :   7E;
	[374E..374F]  :   FF;
	[3750..3751]  :   7F;
	3752  :   8C;
	3753  :   D1;
	3754  :   81;
	3755  :   FA;
	3756  :   9E;
	3757  :   3E;
	3758  :   0C;
	3759  :   11;
	375A  :   33;
	375B  :   30;
	375C  :   D5;
	375D  :   63;
	375E  :   96;
	375F  :   BB;
	3760  :   A3;
	3761  :   E1;
	3762  :   E2;
	3763  :   53;
	3764  :   5F;
	3765  :   6B;
	3766  :   94;
	3767  :   06;
	3768  :   A3;
	3769  :   5E;
	376A  :   3D;
	376B  :   C8;
	376C  :   74;
	376D  :   F1;
	376E  :   5F;
	376F  :   2B;
	3770  :   D4;
	3771  :   C1;
	3772  :   7D;
	3773  :   C6;
	3774  :   5A;
	3775  :   DA;
	3776  :   6D;
	3777  :   E1;
	3778  :   C3;
	3779  :   AE;
	377A  :   A2;
	377B  :   66;
	377C  :   FA;
	377D  :   E4;
	377E  :   9E;
	377F  :   21;
	3780  :   3C;
	3781  :   41;
	3782  :   B6;
	3783  :   D1;
	3784  :   A8;
	3785  :   5B;
	3786  :   98;
	3787  :   E8;
	3788  :   7A;
	3789  :   44;
	378A  :   92;
	378B  :   A7;
	378C  :   01;
	378D  :   28;
	378E  :   11;
	378F  :   46;
	3790  :   B1;
	3791  :   BA;
	3792  :   BC;
	3793  :   74;
	3794  :   75;
	3795  :   7B;
	3796  :   59;
	3797  :   4F;
	3798  :   70;
	3799  :   D9;
	379A  :   3B;
	379B  :   93;
	379C  :   F9;
	379D  :   CD;
	379E  :   47;
	379F  :   B7;
	37A0  :   A3;
	37A1  :   B2;
	37A2  :   C3;
	37A3  :   8F;
	37A4  :   D9;
	37A5  :   51;
	37A6  :   05;
	37A7  :   DB;
	37A8  :   21;
	37A9  :   4C;
	37AA  :   35;
	37AB  :   B0;
	37AC  :   41;
	37AD  :   FD;
	37AE  :   39;
	37AF  :   F5;
	37B0  :   E9;
	37B1  :   1E;
	37B2  :   EE;
	37B3  :   28;
	37B4  :   49;
	37B5  :   83;
	37B6  :   92;
	37B7  :   DB;
	37B8  :   0F;
	37B9  :   DF;
	37BA  :   8D;
	37BB  :   38;
	37BC  :   23;
	37BD  :   EA;
	37BE  :   68;
	37BF  :   80;
	37C0  :   EB;
	37C1  :   21;
	37C2  :   50;
	37C3  :   B1;
	37C4  :   ED;
	37C5  :   A7;
	37C6  :   38;
	37C7  :   37;
	37C8  :   F2;
	37C9  :   38;
	37CA  :   A0;
	37CB  :   ED;
	37CC  :   E4;
	37CD  :   9D;
	37CE  :   B7;
	37CF  :   F5;
	37D0  :   F4;
	37D1  :   FE;
	37D2  :   57;
	37D3  :   D1;
	37D4  :   80;
	37D5  :   3A;
	37D6  :   F1;
	37D7  :   D4;
	37D8  :   EC;
	37D9  :   AD;
	37DA  :   54;
	37DB  :   C3;
	37DC  :   0E;
	37DD  :   A7;
	37DE  :   87;
	37DF  :   DE;
	37E0  :   49;
	37E1  :   84;
	37E2  :   10;
	37E3  :   FE;
	37E4  :   7F;
	37E5  :   05;
	37E6  :   BA;
	37E7  :   D7;
	37E8  :   1E;
	37E9  :   86;
	37EA  :   64;
	37EB  :   26;
	37EC  :   99;
	37ED  :   87;
	37EE  :   58;
	37EF  :   34;
	37F0  :   23;
	37F1  :   87;
	37F2  :   E0;
	37F3  :   5D;
	37F4  :   A5;
	37F5  :   86;
	37F6  :   DA;
	37F7  :   0F;
	37F8  :   4B;
	37F9  :   60;
	37FA  :   2B;
	37FB  :   05;
	37FC  :   35;
	37FD  :   E1;
	37FE  :   13;
	37FF  :   2C;
	3800  :   24;
	3801  :   EB;
	3802  :   CD;
	3803  :   F9;
	3804  :   34;
	3805  :   C3;
	3806  :   8B;
	3807  :   30;
	3808  :   6C;
	3809  :   FC;
	380A  :   28;
	380B  :   49;
	380C  :   FC;
	380D  :   CE;
	380E  :   74;
	380F  :   0C;
	3810  :   81;
	3811  :   DA;
	3812  :   9B;
	3813  :   35;
	3814  :   51;
	3815  :   EC;
	3816  :   E0;
	3817  :   59;
	3818  :   5F;
	3819  :   F8;
	381A  :   C6;
	381B  :   21;
	381C  :   A7;
	381D  :   FD;
	381E  :   A5;
	381F  :   43;
	3820  :   57;
	3821  :   A5;
	3822  :   B6;
	3823  :   5C;
	3824  :   C9;
	3825  :   09;
	3826  :   4A;
	3827  :   D7;
	3828  :   3B;
	3829  :   78;
	382A  :   02;
	382B  :   6E;
	382C  :   84;
	382D  :   7B;
	382E  :   FE;
	382F  :   C1;
	3830  :   2F;
	3831  :   7C;
	3832  :   74;
	3833  :   31;
	3834  :   9A;
	3835  :   7D;
	3836  :   84;
	3837  :   3D;
	3838  :   5A;
	3839  :   7D;
	383A  :   C8;
	383B  :   7F;
	383C  :   91;
	383D  :   7E;
	383E  :   E4;
	383F  :   BB;
	3840  :   4C;
	3841  :   7E;
	3842  :   6C;
	3843  :   CB;
	3844  :   89;
	3845  :   90;
	3846  :   8D;
	3847  :   91;
	3848  :   3A;
	3849  :   CD;
	384A  :   1A;
	384B  :   DA;
	384C  :   4C;
	384D  :   01;
	384E  :   0E;
	384F  :   7B;
	3850  :   11;
	3851  :   35;
	3852  :   FA;
	3853  :   B5;
	3854  :   3A;
	3855  :   02;
	3856  :   94;
	3857  :   A0;
	3858  :   CD;
	3859  :   D5;
	385A  :   74;
	385B  :   09;
	385C  :   06;
	385D  :   86;
	385E  :   74;
	385F  :   07;
	3860  :   96;
	3861  :   C5;
	3862  :   B9;
	3863  :   E5;
	3864  :   0A;
	3865  :   0D;
	3866  :   D0;
	3867  :   1C;
	3868  :   7B;
	3869  :   1E;
	386A  :   4F;
	386B  :   6A;
	386C  :   52;
	386D  :   2D;
	386E  :   8B;
	386F  :   E5;
	[3870..3871]  :   00;
	3872  :   88;
	3873  :   2C;
	3874  :   C1;
	3875  :   37;
	3876  :   36;
	3877  :   0B;
	3878  :   6E;
	3879  :   A0;
	387A  :   F4;
	387B  :   C4;
	387C  :   B7;
	387D  :   F2;
	387E  :   2C;
	387F  :   36;
	3880  :   4F;
	3881  :   46;
	3882  :   11;
	3883  :   8B;
	3884  :   59;
	3885  :   C5;
	3886  :   1B;
	[3887..3888]  :   91;
	3889  :   CE;
	388A  :   FA;
	388B  :   2B;
	388C  :   36;
	388D  :   12;
	388E  :   13;
	388F  :   23;
	3890  :   04;
	3891  :   3E;
	3892  :   0A;
	3893  :   B8;
	3894  :   C2;
	3895  :   18;
	3896  :   36;
	3897  :   37;
	3898  :   C1;
	3899  :   7E;
	389A  :   E1;
	389B  :   E6;
	389C  :   7F;
	389D  :   DF;
	389E  :   E0;
	389F  :   25;
	38A0  :   ED;
	38A1  :   FF;
	38A2  :   35;
	38A3  :   78;
	38A4  :   B7;
	38A5  :   CC;
	38A6  :   BF;
	38A7  :   14;
	38A8  :   72;
	38A9  :   6E;
	38AA  :   5C;
	38AB  :   86;
	38AC  :   9F;
	38AD  :   CC;
	38AE  :   86;
	38AF  :   1E;
	38B0  :   40;
	38B1  :   8E;
	38B2  :   22;
	38B3  :   CE;
	38B4  :   3B;
	38B5  :   34;
	38B6  :   21;
	38B7  :   09;
	38B8  :   5A;
	38B9  :   B7;
	38BA  :   06;
	38BB  :   2B;
	38BC  :   02;
	38BD  :   40;
	38BE  :   6D;
	38BF  :   7A;
	38C0  :   41;
	38C1  :   68;
	38C2  :   61;
	38C3  :   C7;
	38C4  :   AC;
	38C5  :   42;
	38C6  :   7A;
	38C7  :   09;
	38C8  :   C8;
	38C9  :   FB;
	38CA  :   2A;
	38CB  :   D7;
	38CC  :   DC;
	38CD  :   15;
	38CE  :   E6;
	38CF  :   ED;
	38D0  :   C0;
	38D1  :   DA;
	38D2  :   3A;
	38D3  :   FF;
	38D4  :   47;
	38D5  :   78;
	38D6  :   37;
	38D7  :   B4;
	38D8  :   CA;
	38D9  :   A9;
	38DA  :   42;
	38DB  :   8E;
	38DC  :   8D;
	38DD  :   9F;
	38DE  :   36;
	[38DF..38E0]  :   1E;
	38E1  :   31;
	38E2  :   7D;
	38E3  :   36;
	38E4  :   52;
	38E5  :   64;
	38E6  :   B9;
	38E7  :   3A;
	38E8  :   93;
	38E9  :   09;
	38EA  :   5F;
	38EB  :   CD;
	38EC  :   DE;
	38ED  :   1A;
	38EE  :   CA;
	38EF  :   E5;
	38F0  :   14;
	38F1  :   FE;
	38F2  :   20;
	38F3  :   C2;
	38F4  :   5E;
	38F5  :   1A;
	38F6  :   BA;
	38F7  :   23;
	38F8  :   A0;
	38F9  :   0F;
	38FA  :   C3;
	38FB  :   76;
	38FC  :   36;
	38FD  :   2A;
	38FE  :   79;
	38FF  :   50;
	3900  :   38;
	3901  :   F8;
	3902  :   82;
	3903  :   E5;
	3904  :   14;
	3905  :   74;
	3906  :   C3;
	3907  :   48;
	3908  :   36;
	3909  :   16;
	390A  :   55;
	390B  :   8B;
	390C  :   91;
	390D  :   CD;
	390E  :   61;
	390F  :   4F;
	3910  :   31;
	3911  :   7A;
	3912  :   B3;
	3913  :   C8;
	3914  :   D5;
	3915  :   01;
	3916  :   05;
	3917  :   00;
	3918  :   C5;
	3919  :   AF;
	391A  :   F5;
	391B  :   47;
	391C  :   2A;
	391D  :   B6;
	391E  :   D4;
	391F  :   D5;
	3920  :   77;
	3921  :   E1;
	3922  :   C5;
	3923  :   CC;
	3924  :   37;
	3925  :   98;
	3926  :   EA;
	3927  :   3B;
	3928  :   C1;
	3929  :   C3;
	392A  :   70;
	392B  :   15;
	392C  :   BA;
	392D  :   14;
	392E  :   DB;
	392F  :   E5;
	3930  :   B8;
	3931  :   41;
	3932  :   3A;
	3933  :   9A;
	3934  :   9B;
	3935  :   9C;
	3936  :   7B;
	3937  :   02;
	3938  :   03;
	3939  :   44;
	393A  :   A0;
	393B  :   0C;
	393C  :   9E;
	393D  :   CA;
	393E  :   EC;
	393F  :   36;
	3940  :   C9;
	3941  :   D5;
	3942  :   9C;
	3943  :   A6;
	3944  :   38;
	3945  :   EE;
	3946  :   CB;
	3947  :   61;
	3948  :   37;
	3949  :   EE;
	394A  :   41;
	394B  :   23;
	394C  :   7C;
	394D  :   01;
	394E  :   A2;
	394F  :   39;
	3950  :   AF;
	3951  :   D0;
	3952  :   EB;
	3953  :   49;
	3954  :   C0;
	3955  :   A3;
	3956  :   A8;
	3957  :   45;
	3958  :   FB;
	3959  :   7B;
	395A  :   35;
	395B  :   AC;
	395C  :   A2;
	395D  :   B8;
	395E  :   C2;
	395F  :   49;
	3960  :   87;
	3961  :   06;
	3962  :   26;
	3963  :   11;
	3964  :   06;
	3965  :   24;
	3966  :   01;
	3967  :   C8;
	3968  :   20;
	3969  :   34;
	396A  :   A8;
	396B  :   C4;
	396C  :   45;
	396D  :   37;
	396E  :   42;
	396F  :   84;
	3970  :   28;
	3971  :   27;
	3972  :   8D;
	3973  :   C9;
	3974  :   58;
	3975  :   50;
	3976  :   6D;
	3977  :   E0;
	3978  :   B0;
	3979  :   44;
	397A  :   0C;
	397B  :   EA;
	397C  :   AA;
	397D  :   A8;
	397E  :   26;
	397F  :   08;
	3980  :   EE;
	3981  :   E1;
	3982  :   2A;
	3983  :   DD;
	3984  :   C3;
	3985  :   C5;
	3986  :   75;
	3987  :   11;
	3988  :   A8;
	3989  :   A5;
	398A  :   D1;
	398B  :   EF;
	398C  :   4B;
	398D  :   9A;
	398E  :   F5;
	398F  :   72;
	3990  :   2B;
	3991  :   01;
	3992  :   FF;
	3993  :   15;
	3994  :   8B;
	3995  :   92;
	3996  :   59;
	3997  :   A8;
	3998  :   EA;
	3999  :   FB;
	399A  :   3E;
	399B  :   DE;
	399C  :   1C;
	399D  :   2B;
	399E  :   3E;
	399F  :   01;
	39A0  :   1F;
	39A1  :   89;
	39A2  :   B5;
	39A3  :   6F;
	39A4  :   80;
	39A5  :   E3;
	39A6  :   12;
	39A7  :   0B;
	39A8  :   41;
	39A9  :   82;
	39AA  :   C0;
	39AB  :   E1;
	39AC  :   07;
	39AD  :   EA;
	39AE  :   A0;
	39AF  :   03;
	39B0  :   EF;
	39B1  :   DE;
	39B2  :   AA;
	39B3  :   88;
	39B4  :   6F;
	39B5  :   88;
	39B6  :   A6;
	39B7  :   00;
	39B8  :   03;
	39B9  :   3E;
	39BA  :   47;
	39BB  :   00;
	39BC  :   FE;
	39BD  :   47;
	39BE  :   C0;
	39BF  :   21;
	39C0  :   0F;
	39C1  :   8D;
	39C2  :   B4;
	39C3  :   80;
	39C4  :   65;
	39C5  :   C1;
	39C6  :   D3;
	39C7  :   3C;
	39C8  :   E5;
	39C9  :   C5;
	39CA  :   D5;
	39CB  :   60;
	39CC  :   69;
	39CD  :   D5;
	39CE  :   68;
	39CF  :   69;
	39D0  :   F7;
	39D1  :   63;
	39D2  :   A5;
	39D3  :   38;
	39D4  :   20;
	39D5  :   1F;
	39D6  :   B1;
	39D7  :   D2;
	39D8  :   E2;
	39D9  :   37;
	39DA  :   06;
	39DB  :   1E;
	39DC  :   FA;
	39DD  :   DB;
	39DE  :   D1;
	39DF  :   61;
	39E0  :   F9;
	39E1  :   8A;
	39E2  :   D4;
	39E3  :   DA;
	39E4  :   8A;
	39E5  :   3E;
	39E6  :   20;
	39E7  :   A0;
	39E8  :   F7;
	39E9  :   C4;
	39EA  :   AF;
	39EB  :   EB;
	39EC  :   B0;
	39ED  :   F5;
	39EE  :   7D;
	39EF  :   CC;
	39F0  :   4F;
	39F1  :   A7;
	39F2  :   F3;
	39F3  :   8B;
	39F4  :   D5;
	39F5  :   D2;
	39F6  :   07;
	39F7  :   60;
	39F8  :   1F;
	39F9  :   68;
	39FA  :   44;
	39FB  :   4D;
	39FC  :   EB;
	39FD  :   C2;
	39FE  :   14;
	39FF  :   38;
	3A00  :   21;
	[3A01..3A02]  :   FF;
	3A03  :   E4;
	3A04  :   19;
	3A05  :   38;
	3A06  :   D7;
	3A07  :   4E;
	3A08  :   35;
	3A09  :   39;
	3A0A  :   F1;
	3A0B  :   22;
	3A0C  :   15;
	3A0D  :   41;
	3A0E  :   21;
	3A0F  :   00;
	3A10  :   80;
	3A11  :   22;
	3A12  :   13;
	3A13  :   41;
	3A14  :   3E;
	3A15  :   00;
	3A16  :   1F;
	3A17  :   47;
	3A18  :   E1;
	3A19  :   F1;
	3A1A  :   B0;
	3A1B  :   E5;
	3A1C  :   F5;
	3A1D  :   17;
	3A1E  :   DA;
	3A1F  :   37;
	3A20  :   38;
	3A21  :   17;
	3A22  :   F7;
	3A23  :   B3;
	3A24  :   3B;
	3A25  :   05;
	3A26  :   BD;
	3A27  :   F1;
	3A28  :   D2;
	3A29  :   F9;
	3A2A  :   5B;
	3A2B  :   E6;
	3A2C  :   67;
	3A2D  :   C3;
	3A2E  :   87;
	3A2F  :   39;
	3A30  :   D5;
	3A31  :   AE;
	3A32  :   0F;
	3A33  :   EE;
	3A34  :   9B;
	3A35  :   28;
	3A36  :   34;
	3A37  :   3E;
	3A38  :   04;
	3A39  :   EF;
	3A3A  :   17;
	3A3B  :   C1;
	3A3C  :   F5;
	3A3D  :   B0;
	3A3E  :   47;
	3A3F  :   F1;
	3A40  :   DA;
	3A41  :   72;
	3A42  :   38;
	3A43  :   CD;
	3A44  :   64;
	3A45  :   3D;
	3A46  :   CD;
	3A47  :   FD;
	3A48  :   38;
	3A49  :   D2;
	3A4A  :   5F;
	3A4B  :   38;
	3A4C  :   13;
	3A4D  :   78;
	3A4E  :   17;
	3A4F  :   23;
	3A50  :   D2;
	3A51  :   67;
	3A52  :   38;
	[3A53..3A54]  :   2B;
	3A55  :   0B;
	3A56  :   78;
	3A57  :   E6;
	3A58  :   0F;
	3A59  :   B1;
	3A5A  :   C2;
	3A5B  :   55;
	3A5C  :   8B;
	3A5D  :   89;
	3A5E  :   C6;
	3A5F  :   6A;
	3A60  :   7C;
	3A61  :   89;
	3A62  :   23;
	3A63  :   74;
	3A64  :   17;
	3A65  :   13;
	3A66  :   D2;
	3A67  :   85;
	3A68  :   38;
	[3A69..3A6A]  :   1B;
	3A6B  :   38;
	3A6C  :   E7;
	3A6D  :   98;
	3A6E  :   D0;
	3A6F  :   31;
	3A70  :   1B;
	3A71  :   56;
	3A72  :   35;
	3A73  :   AD;
	3A74  :   39;
	3A75  :   E1;
	3A76  :   55;
	3A77  :   7D;
	3A78  :   52;
	3A79  :   14;
	3A7A  :   9B;
	3A7B  :   26;
	3A7C  :   C7;
	3A7D  :   59;
	3A7E  :   D3;
	3A7F  :   C6;
	3A80  :   CD;
	3A81  :   3B;
	3A82  :   C3;
	3A83  :   CB;
	3A84  :   DC;
	3A85  :   D1;
	3A86  :   82;
	3A87  :   BA;
	3A88  :   CA;
	3A89  :   93;
	3A8A  :   B3;
	3A8B  :   B7;
	3A8C  :   EB;
	3A8D  :   8A;
	3A8E  :   BE;
	3A8F  :   4D;
	3A90  :   20;
	3A91  :   3E;
	3A92  :   D2;
	3A93  :   CF;
	3A94  :   94;
	3A95  :   EF;
	3A96  :   13;
	3A97  :   85;
	3A98  :   BF;
	3A99  :   50;
	3A9A  :   DE;
	3A9B  :   07;
	3A9C  :   46;
	3A9D  :   7B;
	3A9E  :   64;
	3A9F  :   FE;
	3AA0  :   D1;
	3AA1  :   EA;
	3AA2  :   BD;
	3AA3  :   3B;
	3AA4  :   78;
	3AA5  :   C1;
	3AA6  :   79;
	3AA7  :   F0;
	3AA8  :   EF;
	3AA9  :   D8;
	3AAA  :   23;
	3AAB  :   01;
	3AAC  :   A5;
	3AAD  :   05;
	3AAE  :   E3;
	3AAF  :   BE;
	3AB0  :   2B;
	3AB1  :   E6;
	3AB2  :   83;
	3AB3  :   F0;
	3AB4  :   1B;
	3AB5  :   2B;
	3AB6  :   2A;
	3AB7  :   73;
	3AB8  :   35;
	3AB9  :   9D;
	3ABA  :   6D;
	3ABB  :   39;
	3ABC  :   19;
	3ABD  :   AD;
	3ABE  :   30;
	3ABF  :   D1;
	3AC0  :   0A;
	3AC1  :   42;
	3AC2  :   70;
	3AC3  :   01;
	3AC4  :   FF;
	3AC5  :   02;
	3AC6  :   06;
	3AC7  :   B4;
	3AC8  :   26;
	3AC9  :   80;
	3ACA  :   1F;
	3ACB  :   89;
	3ACC  :   48;
	3ACD  :   96;
	3ACE  :   6F;
	3ACF  :   88;
	3AD0  :   98;
	3AD1  :   81;
	3AD2  :   A8;
	[3AD3..3AD4]  :   81;
	3AD5  :   01;
	3AD6  :   68;
	3AD7  :   11;
	3AD8  :   9C;
	3AD9  :   AF;
	3ADA  :   29;
	3ADB  :   F5;
	3ADC  :   0E;
	3ADD  :   EE;
	3ADE  :   17;
	3ADF  :   42;
	3AE0  :   39;
	3AE1  :   23;
	3AE2  :   7D;
	3AE3  :   91;
	3AE4  :   6F;
	3AE5  :   7C;
	3AE6  :   98;
	3AE7  :   67;
	3AE8  :   DA;
	3AE9  :   50;
	3AEA  :   2C;
	3AEB  :   9B;
	3AEC  :   13;
	3AED  :   1E;
	3AEE  :   EF;
	3AEF  :   F7;
	3AF0  :   5B;
	3AF1  :   DA;
	3AF2  :   4C;
	3AF3  :   39;
	3AF4  :   09;
	3AF5  :   C6;
	3AF6  :   10;
	3AF7  :   D2;
	3AF8  :   75;
	3AF9  :   6F;
	3AFA  :   FE;
	3AFB  :   D6;
	3AFC  :   3D;
	3AFD  :   A8;
	3AFE  :   B6;
	3AFF  :   D5;
	3B00  :   52;
	3B01  :   8D;
	3B02  :   11;
	3B03  :   EF;
	3B04  :   77;
	3B05  :   97;
	3B06  :   6F;
	3B07  :   3A;
	3B08  :   9D;
	3B09  :   EA;
	3B0A  :   0E;
	3B0B  :   01;
	3B0C  :   3F;
	3B0D  :   01;
	3B0E  :   EB;
	3B0F  :   E8;
	3B10  :   D6;
	3B11  :   96;
	3B12  :   7B;
	3B13  :   E0;
	3B14  :   D5;
	3B15  :   EF;
	3B16  :   2A;
	3B17  :   EE;
	3B18  :   F7;
	3B19  :   2D;
	3B1A  :   22;
	3B1B  :   B7;
	3B1C  :   37;
	3B1D  :   C9;
	3B1E  :   20;
	3B1F  :   B0;
	3B20  :   7F;
	3B21  :   4A;
	3B22  :   5B;
	3B23  :   F6;
	3B24  :   D8;
	3B25  :   37;
	3B26  :   C0;
	3B27  :   BE;
	3B28  :   3B;
	3B29  :   F1;
	3B2A  :   35;
	3B2B  :   F1;
	3B2C  :   B5;
	3B2D  :   D0;
	3B2E  :   43;
	3B2F  :   BA;
	3B30  :   C7;
	3B31  :   3B;
	3B32  :   08;
	3B33  :   91;
	3B34  :   C7;
	3B35  :   3E;
	3B36  :   22;
	3B37  :   87;
	3B38  :   5F;
	3B39  :   83;
	3B3A  :   F9;
	3B3B  :   5B;
	3B3C  :   3C;
	3B3D  :   04;
	3B3E  :   3C;
	3B3F  :   48;
	3B40  :   E8;
	3B41  :   D9;
	3B42  :   F3;
	3B43  :   E7;
	3B44  :   DB;
	3B45  :   5E;
	3B46  :   16;
	3B47  :   D1;
	3B48  :   2D;
	3B49  :   68;
	3B4A  :   10;
	3B4B  :   51;
	3B4C  :   68;
	3B4D  :   12;
	3B4E  :   AA;
	3B4F  :   6B;
	3B50  :   3A;
	3B51  :   56;
	3B52  :   E9;
	3B53  :   1E;
	3B54  :   F7;
	3B55  :   53;
	3B56  :   D7;
	3B57  :   DE;
	3B58  :   EB;
	3B59  :   CA;
	3B5A  :   F1;
	3B5B  :   49;
	3B5C  :   87;
	3B5D  :   7A;
	3B5E  :   FA;
	3B5F  :   39;
	3B60  :   E3;
	3B61  :   FE;
	3B62  :   18;
	3B63  :   CA;
	3B64  :   03;
	3B65  :   D3;
	3B66  :   08;
	3B67  :   BA;
	3B68  :   0E;
	3B69  :   F7;
	3B6A  :   0A;
	3B6B  :   A2;
	3B6C  :   13;
	3B6D  :   AA;
	3B6E  :   1A;
	3B6F  :   18;
	3B70  :   ED;
	3B71  :   F1;
	3B72  :   C4;
	3B73  :   69;
	3B74  :   84;
	3B75  :   DD;
	3B76  :   C3;
	3B77  :   C4;
	3B78  :   39;
	3B79  :   BB;
	3B7A  :   CA;
	3B7B  :   DF;
	3B7C  :   44;
	3B7D  :   4C;
	3B7E  :   D1;
	3B7F  :   D0;
	3B80  :   23;
	3B81  :   C9;
	3B82  :   7C;
	3B83  :   B5;
	3B84  :   00;
	3B85  :   B0;
	3B86  :   96;
	3B87  :   5B;
	3B88  :   C6;
	3B89  :   04;
	3B8A  :   A1;
	3B8B  :   96;
	3B8C  :   FF;
	3B8D  :   EF;
	3B8E  :   BB;
	3B8F  :   C8;
	3B90  :   1C;
	3B91  :   C9;
	3B92  :   27;
	3B93  :   49;
	3B94  :   71;
	3B95  :   5B;
	3B96  :   3D;
	3B97  :   2A;
	3B98  :   FE;
	3B99  :   2F;
	3B9A  :   21;
	3B9B  :   19;
	3B9C  :   4D;
	3B9D  :   D2;
	3B9E  :   F5;
	3B9F  :   B1;
	3BA0  :   D9;
	3BA1  :   C4;
	3BA2  :   8B;
	3BA3  :   DD;
	3BA4  :   F1;
	3BA5  :   F5;
	3BA6  :   CC;
	3BA7  :   B7;
	3BA8  :   23;
	3BA9  :   87;
	3BAA  :   D1;
	3BAB  :   CC;
	3BAC  :   8E;
	3BAD  :   7A;
	3BAE  :   CE;
	3BAF  :   D8;
	3BB0  :   61;
	3BB1  :   B6;
	3BB2  :   9E;
	3BB3  :   3A;
	3BB4  :   6B;
	3BB5  :   0E;
	3BB6  :   3A;
	3BB7  :   36;
	3BB8  :   2C;
	3BB9  :   23;
	3BBA  :   A8;
	3BBB  :   6B;
	3BBC  :   F9;
	3BBD  :   DB;
	3BBE  :   DC;
	3BBF  :   3A;
	3BC0  :   D8;
	3BC1  :   9D;
	3BC2  :   95;
	3BC3  :   D6;
	3BC4  :   83;
	3BC5  :   B9;
	3BC6  :   8F;
	3BC7  :   DA;
	3BC8  :   39;
	3BC9  :   80;
	3BCA  :   AA;
	3BCB  :   0B;
	3BCC  :   21;
	3BCD  :   D4;
	3BCE  :   D1;
	3BCF  :   E2;
	3BD0  :   FB;
	3BD1  :   C7;
	3BD2  :   27;
	3BD3  :   22;
	3BD4  :   D5;
	3BD5  :   EF;
	3BD6  :   F0;
	3BD7  :   A0;
	3BD8  :   75;
	3BD9  :   6B;
	3BDA  :   38;
	3BDB  :   C9;
	3BDC  :   06;
	3BDD  :   F4;
	3BDE  :   BA;
	3BDF  :   8D;
	3BE0  :   89;
	3BE1  :   2D;
	3BE2  :   B6;
	3BE3  :   0C;
	3BE4  :   79;
	3BE5  :   A1;
	3BE6  :   94;
	3BE7  :   37;
	3BE8  :   71;
	3BE9  :   23;
	3BEA  :   14;
	3BEB  :   15;
	3BEC  :   CA;
	3BED  :   9B;
	3BEE  :   3A;
	3BEF  :   72;
	3BF0  :   23;
	3BF1  :   73;
	3BF2  :   E1;
	3BF3  :   5B;
	3BF4  :   2C;
	3BF5  :   1B;
	3BF6  :   7D;
	3BF7  :   7C;
	3BF8  :   A8;
	3BF9  :   C5;
	3BFA  :   AE;
	3BFB  :   13;
	3BFC  :   7D;
	3BFD  :   2F;
	3BFE  :   6F;
	3BFF  :   2C;
	3C00  :   06;
	3C01  :   2D;
	3C02  :   7D;
	3C03  :   0E;
	3C04  :   32;
	3C05  :   D6;
	3C06  :   C8;
	3C07  :   D2;
	3C08  :   C0;
	3C09  :   3A;
	3C0A  :   0D;
	3C0B  :   7D;
	3C0C  :   D6;
	3C0D  :   64;
	3C0E  :   BB;
	3C0F  :   F2;
	3C10  :   E3;
	3C11  :   00;
	3C12  :   AB;
	3C13  :   D5;
	3C14  :   AF;
	3C15  :   CA;
	3C16  :   56;
	3C17  :   8D;
	3C18  :   C4;
	3C19  :   C6;
	3C1A  :   4A;
	3C1B  :   A1;
	3C1C  :   C3;
	3C1D  :   DB;
	3C1E  :   17;
	3C1F  :   1F;
	3C20  :   B4;
	3C21  :   FE;
	3C22  :   8E;
	3C23  :   2F;
	3C24  :   CA;
	3C25  :   D9;
	3C26  :   E1;
	3C27  :   7E;
	3C28  :   30;
	3C29  :   57;
	3C2A  :   F1;
	3C2B  :   EF;
	3C2C  :   F5;
	3C2D  :   3A;
	3C2E  :   5F;
	3C2F  :   C9;
	3C30  :   33;
	3C31  :   84;
	3C32  :   AD;
	3C33  :   95;
	3C34  :   05;
	3C35  :   8C;
	3C36  :   8A;
	3C37  :   B5;
	3C38  :   68;
	3C39  :   5A;
	3C3A  :   2E;
	3C3B  :   C1;
	3C3C  :   B6;
	3C3D  :   4A;
	3C3E  :   91;
	3C3F  :   3A;
	3C40  :   D0;
	3C41  :   0E;
	3C42  :   20;
	3C43  :   2B;
	3C44  :   45;
	3C45  :   3B;
	3C46  :   21;
	3C47  :   E9;
	3C48  :   F6;
	3C49  :   22;
	3C4A  :   94;
	3C4B  :   AA;
	3C4C  :   01;
	3C4D  :   F1;
	3C4E  :   3A;
	3C4F  :   C5;
	3C50  :   F5;
	3C51  :   C4;
	3C52  :   B5;
	3C53  :   1D;
	3C54  :   F1;
	3C55  :   FE;
	3C56  :   4D;
	3C57  :   CA;
	3C58  :   8F;
	3C59  :   39;
	3C5A  :   50;
	3C5B  :   2A;
	3C5C  :   9F;
	3C5D  :   38;
	3C5E  :   53;
	3C5F  :   8A;
	3C60  :   69;
	3C61  :   3B;
	3C62  :   A8;
	3C63  :   56;
	3C64  :   73;
	3C65  :   AA;
	3C66  :   4C;
	3C67  :   FA;
	3C68  :   2A;
	3C69  :   52;
	3C6A  :   8A;
	3C6B  :   DD;
	3C6C  :   55;
	3C6D  :   8A;
	3C6E  :   19;
	3C6F  :   3C;
	3C70  :   A8;
	3C71  :   44;
	3C72  :   32;
	3C73  :   AA;
	3C74  :   43;
	3C75  :   4E;
	3C76  :   2A;
	3C77  :   58;
	3C78  :   7D;
	3C79  :   4D;
	3C7A  :   3B;
	3C7B  :   CD;
	3C7C  :   4F;
	3C7D  :   57;
	3C7E  :   8F;
	3C7F  :   D0;
	3C80  :   8D;
	3C81  :   ED;
	3C82  :   BD;
	3C83  :   7B;
	3C84  :   F1;
	3C85  :   4A;
	3C86  :   7A;
	3C87  :   D7;
	3C88  :   02;
	3C89  :   A2;
	3C8A  :   8D;
	3C8B  :   AF;
	3C8C  :   3D;
	3C8D  :   2F;
	3C8E  :   C5;
	3C8F  :   7E;
	3C90  :   3C;
	3C91  :   C5;
	3C92  :   58;
	3C93  :   9C;
	3C94  :   BB;
	3C95  :   EB;
	3C96  :   CA;
	3C97  :   42;
	3C98  :   E9;
	3C99  :   8B;
	3C9A  :   05;
	3C9B  :   7C;
	3C9C  :   5F;
	3C9D  :   46;
	3C9E  :   DB;
	3C9F  :   EC;
	3CA0  :   CA;
	3CA1  :   1A;
	3CA2  :   47;
	3CA3  :   A3;
	3CA4  :   CE;
	3CA5  :   6F;
	3CA6  :   18;
	3CA7  :   E2;
	3CA8  :   0F;
	3CA9  :   E6;
	3CAA  :   3B;
	3CAB  :   83;
	3CAC  :   CC;
	3CAD  :   03;
	3CAE  :   3C;
	3CAF  :   C5;
	3CB0  :   11;
	3CB1  :   F8;
	3CB2  :   42;
	3CB3  :   D6;
	3CB4  :   62;
	3CB5  :   1F;
	3CB6  :   3C;
	3CB7  :   2A;
	3CB8  :   38;
	3CB9  :   79;
	3CBA  :   C1;
	3CBB  :   C9;
	3CBC  :   3A;
	3CBD  :   A1;
	3CBE  :   C8;
	3CBF  :   B7;
	3CC0  :   3E;
	3CC1  :   D0;
	3CC2  :   F9;
	3CC3  :   74;
	3CC4  :   3B;
	3CC5  :   3E;
	3CC6  :   2D;
	3CC7  :   BE;
	3CC8  :   C9;
	3CC9  :   6D;
	3CCA  :   62;
	3CCB  :   75;
	3CCC  :   5B;
	3CCD  :   88;
	3CCE  :   A0;
	3CCF  :   D3;
	3CD0  :   DC;
	3CD1  :   5A;
	3CD2  :   8D;
	3CD3  :   AE;
	3CD4  :   69;
	3CD5  :   04;
	3CD6  :   DB;
	3CD7  :   23;
	3CD8  :   B3;
	3CD9  :   3C;
	3CDA  :   48;
	3CDB  :   43;
	3CDC  :   D9;
	3CDD  :   C3;
	3CDE  :   B7;
	3CDF  :   EB;
	3CE0  :   E2;
	3CE1  :   B0;
	3CE2  :   3B;
	3CE3  :   D5;
	3CE4  :   78;
	3CE5  :   E7;
	3CE6  :   C3;
	3CE7  :   EB;
	3CE8  :   91;
	3CE9  :   3E;
	3CEA  :   C1;
	3CEB  :   BF;
	3CEC  :   CD;
	3CED  :   E6;
	3CEE  :   F0;
	3CEF  :   FD;
	3CF0  :   2C;
	3CF1  :   CF;
	3CF2  :   6A;
	3CF3  :   D1;
	3CF4  :   F7;
	3CF5  :   D4;
	3CF6  :   19;
	3CF7  :   82;
	3CF8  :   E7;
	3CF9  :   B3;
	3CFA  :   3B;
	3CFB  :   42;
	3CFC  :   4B;
	3CFD  :   70;
	3CFE  :   FF;
	3CFF  :   35;
	3D00  :   C7;
	3D01  :   1F;
	3D02  :   C6;
	3D03  :   0D;
	3D04  :   4E;
	3D05  :   EC;
	3D06  :   0D;
	3D07  :   12;
	3D08  :   3C;
	3D09  :   54;
	3D0A  :   5D;
	3D0B  :   51;
	3D0C  :   8B;
	3D0D  :   9A;
	3D0E  :   F2;
	3D0F  :   FE;
	3D10  :   8F;
	3D11  :   03;
	3D12  :   8E;
	3D13  :   9A;
	3D14  :   C3;
	3D15  :   F9;
	3D16  :   0A;
	3D17  :   C6;
	3D18  :   F5;
	3D19  :   B9;
	3D1A  :   44;
	3D1B  :   9B;
	3D1C  :   CC;
	3D1D  :   38;
	3D1E  :   93;
	3D1F  :   CE;
	3D20  :   E8;
	3D21  :   96;
	3D22  :   47;
	3D23  :   0B;
	3D24  :   2B;
	3D25  :   C1;
	3D26  :   5F;
	3D27  :   75;
	3D28  :   C9;
	3D29  :   AE;
	3D2A  :   60;
	3D2B  :   C3;
	3D2C  :   53;
	3D2D  :   D6;
	3D2E  :   23;
	3D2F  :   0B;
	3D30  :   D0;
	3D31  :   3E;
	3D32  :   9B;
	3D33  :   16;
	3D34  :   E5;
	3D35  :   4B;
	3D36  :   7E;
	3D37  :   04;
	3D38  :   7B;
	3D39  :   62;
	3D3A  :   D5;
	3D3B  :   43;
	3D3C  :   04;
	3D3D  :   D1;
	3D3E  :   8E;
	3D3F  :   EF;
	3D40  :   06;
	3D41  :   08;
	3D42  :   72;
	3D43  :   97;
	3D44  :   F5;
	3D45  :   F1;
	3D46  :   07;
	3D47  :   F5;
	3D48  :   3E;
	3D49  :   00;
	3D4A  :   CE;
	3D4B  :   04;
	3D4C  :   AD;
	3D4D  :   4E;
	3D4E  :   3C;
	3D4F  :   C5;
	3D50  :   B5;
	3D51  :   8C;
	3D52  :   0F;
	3D53  :   76;
	3D54  :   3C;
	3D55  :   6B;
	3D56  :   02;
	3D57  :   F1;
	3D58  :   4F;
	3D59  :   DE;
	3D5A  :   2F;
	3D5B  :   1D;
	3D5C  :   3C;
	3D5D  :   55;
	3D5E  :   EE;
	3D5F  :   A7;
	3D60  :   E2;
	3D61  :   E4;
	3D62  :   82;
	3D63  :   3B;
	3D64  :   C2;
	3D65  :   B3;
	3D66  :   3E;
	3D67  :   2A;
	3D68  :   F4;
	3D69  :   70;
	3D6A  :   26;
	3D6B  :   00;
	3D6C  :   19;
	3D6D  :   BE;
	3D6E  :   84;
	3D6F  :   2C;
	3D70  :   BF;
	3D71  :   68;
	3D72  :   37;
	3D73  :   F9;
	3D74  :   2E;
	3D75  :   FA;
	3D76  :   3C;
	3D77  :   E9;
	3D78  :   72;
	3D79  :   DF;
	3D7A  :   C3;
	3D7B  :   C2;
	3D7C  :   3C;
	3D7D  :   6A;
	3D7E  :   55;
	3D7F  :   1E;
	3D80  :   FC;
	3D81  :   C1;
	3D82  :   C9;
	3D83  :   48;
	3D84  :   E2;
	3D85  :   AE;
	3D86  :   F1;
	3D87  :   C1;
	3D88  :   2B;
	3D89  :   E4;
	3D8A  :   36;
	3D8B  :   5D;
	3D8C  :   43;
	3D8D  :   44;
	3D8E  :   D5;
	3D8F  :   1A;
	3D90  :   F9;
	3D91  :   FF;
	3D92  :   A2;
	3D93  :   04;
	3D94  :   89;
	3D95  :   86;
	3D96  :   7C;
	3D97  :   B2;
	3D98  :   31;
	3D99  :   07;
	3D9A  :   CA;
	3D9B  :   F2;
	3D9C  :   3C;
	3D9D  :   DA;
	3D9E  :   FB;
	3D9F  :   69;
	3DA0  :   30;
	3DA1  :   D0;
	3DA2  :   C3;
	3DA3  :   0E;
	3DA4  :   3D;
	3DA5  :   98;
	3DA6  :   1A;
	3DA7  :   35;
	3DA8  :   07;
	3DA9  :   D2;
	3DAA  :   02;
	3DAB  :   3D;
	3DAC  :   6F;
	3DAD  :   CA;
	3DAE  :   E0;
	3DAF  :   D0;
	3DB0  :   ED;
	3DB1  :   19;
	3DB2  :   B4;
	3DB3  :   47;
	3DB4  :   54;
	3DB5  :   BB;
	3DB6  :   82;
	3DB7  :   71;
	3DB8  :   D5;
	3DB9  :   43;
	3DBA  :   20;
	3DBB  :   3D;
	3DBC  :   90;
	3DBD  :   8B;
	3DBE  :   2A;
	3DBF  :   3D;
	3DC0  :   FA;
	3DC1  :   FB;
	3DC2  :   05;
	3DC3  :   B1;
	3DC4  :   46;
	3DC5  :   2B;
	3DC6  :   07;
	3DC7  :   8A;
	3DC8  :   90;
	3DC9  :   3A;
	3DCA  :   1A;
	3DCB  :   46;
	3DCC  :   28;
	3DCD  :   0F;
	3DCE  :   5C;
	3DCF  :   88;
	3DD0  :   22;
	3DD1  :   0C;
	3DD2  :   80;
	3DD3  :   40;
	3DD4  :   20;
	3DD5  :   10;
	3DD6  :   08;
	3DD7  :   04;
	3DD8  :   02;
	3DD9  :   01;
	3DDA  :   3A;
	3DDB  :   0A;
	3DDC  :   63;
	3DDD  :   D6;
	3DDE  :   03;
	3DDF  :   F4;
	3DE0  :   32;
	3DE1  :   A3;
	3DE2  :   38;
	3DE3  :   63;
	3DE4  :   F7;
	3DE5  :   1F;
	3DE6  :   F6;
	3DE7  :   AF;
	3DE8  :   E5;
	3DE9  :   D5;
	3DEA  :   F5;
	3DEB  :   7D;
	3DEC  :   E6;
	3DED  :   07;
	3DEE  :   29;
	3DEF  :   FE;
	3DF0  :   84;
	3DF1  :   35;
	3DF2  :   57;
	3DF3  :   7C;
	3DF4  :   2F;
	3DF5  :   67;
	3DF6  :   7B;
	3DF7  :   3C;
	3DF8  :   0F;
	3DF9  :   6F;
	3DFA  :   7A;
	3DFB  :   11;
	3DFC  :   4C;
	3DFD  :   3D;
	3DFE  :   83;
	3DFF  :   5F;
	3E00  :   1A;
	3E01  :   57;
	3E02  :   F1;
	3E03  :   C2;
	3E04  :   A2;
	3E05  :   3D;
	3E06  :   6E;
	3E07  :   22;
	3E08  :   A7;
	3E09  :   53;
	3E0A  :   9F;
	3E0B  :   3D;
	3E0C  :   0F;
	3E0D  :   DA;
	3E0E  :   A7;
	3E0F  :   3D;
	3E10  :   7E;
	3E11  :   B2;
	3E12  :   77;
	3E13  :   3A;
	3E14  :   F5;
	3E15  :   40;
	3E16  :   07;
	3E17  :   32;
	3E18  :   8E;
	3E19  :   F9;
	3E1A  :   DA;
	3E1B  :   9F;
	3E1C  :   E7;
	3E1D  :   B4;
	3E1E  :   AA;
	3E1F  :   68;
	3E20  :   D6;
	3E21  :   E9;
	3E22  :   7E;
	3E23  :   A2;
	3E24  :   F6;
	3E25  :   E9;
	3E26  :   0F;
	3E27  :   D2;
	3E28  :   9C;
	[3E29..3E2A]  :   C8;
	3E2B  :   C3;
	3E2C  :   9D;
	3E2D  :   3D;
	3E2E  :   50;
	3E2F  :   36;
	3E30  :   42;
	3E31  :   A2;
	3E32  :   C7;
	3E33  :   47;
	3E34  :   25;
	3E35  :   24;
	3E36  :   C3;
	3E37  :   72;
	3E38  :   1B;
	3E39  :   C5;
	3E3A  :   D5;
	3E3B  :   21;
	3E3C  :   B9;
	3E3D  :   3E;
	3E3E  :   79;
	3E3F  :   D6;
	3E40  :   20;
	3E41  :   63;
	3E42  :   3B;
	3E43  :   3D;
	3E44  :   FE;
	3E45  :   AB;
	3E46  :   91;
	3E47  :   D9;
	3E48  :   D6;
	3E49  :   03;
	3E4A  :   25;
	3E4B  :   20;
	3E4C  :   ED;
	3E4D  :   0E;
	3E4E  :   4F;
	[3E4F..3E50]  :   87;
	3E51  :   81;
	3E52  :   5F;
	3E53  :   3E;
	3E54  :   00;
	3E55  :   8F;
	3E56  :   57;
	3E57  :   19;
	[3E58..3E59]  :   01;
	3E5A  :   05;
	3E5B  :   CD;
	3E5C  :   F7;
	3E5D  :   3D;
	3E5E  :   BA;
	3E5F  :   E9;
	3E60  :   EF;
	3E61  :   02;
	3E62  :   D0;
	3E63  :   B2;
	3E64  :   35;
	3E65  :   C3;
	3E66  :   51;
	3E67  :   35;
	3E68  :   C5;
	3E69  :   46;
	3E6A  :   E7;
	3E6B  :   D0;
	3E6C  :   78;
	3E6D  :   A1;
	3E6E  :   C5;
	3E6F  :   A9;
	3E70  :   F3;
	3E71  :   3C;
	3E72  :   CD;
	3E73  :   E1;
	3E74  :   C1;
	3E75  :   3A;
	3E76  :   35;
	3E77  :   D5;
	3E78  :   E7;
	3E79  :   A3;
	3E7A  :   1A;
	3E7B  :   DA;
	3E7C  :   17;
	3E7D  :   82;
	3E7E  :   71;
	3E7F  :   81;
	3E80  :   4F;
	3E81  :   D2;
	3E82  :   FD;
	3E83  :   8D;
	3E84  :   E1;
	3E85  :   23;
	3E86  :   6E;
	3E87  :   D0;
	3E88  :   A9;
	3E89  :   EF;
	3E8A  :   C9;
	3E8B  :   22;
	3E8C  :   AE;
	3E8D  :   D5;
	3E8E  :   7C;
	3E8F  :   75;
	3E90  :   B7;
	3E91  :   47;
	3E92  :   94;
	3E93  :   D1;
	3E94  :   6A;
	3E95  :   66;
	3E96  :   C3;
	3E97  :   33;
	3E98  :   16;
	3E99  :   CA;
	3E9A  :   02;
	3E9B  :   C6;
	3E9C  :   C9;
	3E9D  :   B3;
	3E9E  :   38;
	3E9F  :   3E;
	3EA0  :   C4;
	3EA1  :   6B;
	3EA2  :   FA;
	3EA3  :   3A;
	3EA4  :   F3;
	3EA5  :   29;
	3EA6  :   80;
	3EA7  :   DB;
	3EA8  :   47;
	3EA9  :   F5;
	3EAA  :   E5;
	3EAB  :   6B;
	3EAC  :   8A;
	3EAD  :   F5;
	3EAE  :   68;
	3EAF  :   66;
	3EB0  :   7B;
	3EB1  :   FE;
	3EB2  :   01;
	3EB3  :   C2;
	3EB4  :   60;
	3EB5  :   3E;
	3EB6  :   E8;
	3EB7  :   6D;
	3EB8  :   97;
	3EB9  :   63;
	3EBA  :   1E;
	3EBB  :   F8;
	3EBC  :   FA;
	3EBD  :   13;
	3EBE  :   4E;
	3EBF  :   6E;
	3EC0  :   EC;
	3EC1  :   61;
	3EC2  :   51;
	3EC3  :   5D;
	3EC4  :   9B;
	3EC5  :   BD;
	3EC6  :   4E;
	3EC7  :   4B;
	3EC8  :   4C;
	3EC9  :   20;
	3ECA  :   9E;
	3ECB  :   C1;
	3ECC  :   D0;
	3ECD  :   22;
	3ECE  :   77;
	3ECF  :   6D;
	3ED0  :   0D;
	3ED1  :   C2;
	3ED2  :   4A;
	3ED3  :   55;
	3ED4  :   8F;
	3ED5  :   40;
	3ED6  :   75;
	3ED7  :   40;
	3ED8  :   FD;
	3ED9  :   3B;
	3EDA  :   F5;
	3EDB  :   71;
	3EDC  :   51;
	3EDD  :   3B;
	3EDE  :   CE;
	3EDF  :   D5;
	3EE0  :   FC;
	3EE1  :   EA;
	3EE2  :   AD;
	3EE3  :   41;
	3EE4  :   8D;
	3EE5  :   44;
	3EE6  :   B8;
	3EE7  :   7B;
	3EE8  :   C4;
	3EE9  :   C5;
	3EEA  :   5D;
	3EEB  :   4F;
	3EEC  :   E5;
	3EED  :   21;
	3EEE  :   00;
	3EEF  :   D8;
	3EF0  :   AF;
	3EF1  :   71;
	3EF2  :   23;
	3EF3  :   BC;
	3EF4  :   C2;
	3EF5  :   AC;
	3EF6  :   DE;
	3EF7  :   EF;
	3EF8  :   0D;
	3EF9  :   C8;
	3EFA  :   D1;
	3EFB  :   47;
	3EFC  :   6C;
	3EFD  :   69;
	3EFE  :   7D;
	3EFF  :   BA;
	3F00  :   60;
	3F01  :   FC;
	3F02  :   26;
	3F03  :   14;
	3F04  :   7F;
	3F05  :   69;
	3F06  :   12;
	3F07  :   2A;
	3F08  :   7F;
	3F09  :   5E;
	3F0A  :   24;
	3F0B  :   62;
	3F0C  :   64;
	3F0D  :   08;
	3F0E  :   13;
	3F0F  :   23;
	3F10  :   06;
	3F11  :   39;
	3F12  :   4D;
	3F13  :   32;
	3F14  :   05;
	3F15  :   00;
	3F16  :   10;
	3F17  :   20;
	3F18  :   40;
	3F19  :   BA;
	3F1A  :   96;
	3F1B  :   1C;
	3F1C  :   22;
	[3F1D..3F1E]  :   41;
	3F1F  :   22;
	3F20  :   1C;
	3F21  :   00;
	3F22  :   27;
	3F23  :   08;
	3F24  :   3E;
	3F25  :   08;
	3F26  :   FC;
	3F27  :   F9;
	3F28  :   F7;
	3F29  :   FB;
	3F2A  :   5A;
	3F2B  :   73;
	3F2C  :   06;
	3F2D  :   7F;
	3F2E  :   F1;
	3F2F  :   EF;
	3F30  :   40;
	3F31  :   89;
	3F32  :   CA;
	3F33  :   E0;
	3F34  :   02;
	3F35  :   04;
	3F36  :   08;
	3F37  :   AD;
	3F38  :   E3;
	3F39  :   3E;
	3F3A  :   45;
	3F3B  :   49;
	3F3C  :   51;
	3F3D  :   29;
	3F3E  :   21;
	3F3F  :   7F;
	3F40  :   BA;
	3F41  :   E1;
	3F42  :   23;
	3F43  :   EC;
	3F44  :   47;
	3F45  :   21;
	3F46  :   01;
	3F47  :   41;
	3F48  :   49;
	3F49  :   59;
	3F4A  :   66;
	3F4B  :   0C;
	3F4C  :   14;
	3F4D  :   24;
	3F4E  :   7F;
	3F4F  :   04;
	3F50  :   72;
	3F51  :   51;
	3F52  :   82;
	3F53  :   FF;
	3F54  :   4E;
	3F55  :   1E;
	3F56  :   29;
	3F57  :   49;
	3F58  :   80;
	3F59  :   89;
	3F5A  :   46;
	3F5B  :   40;
	3F5C  :   47;
	3F5D  :   48;
	3F5E  :   50;
	3F5F  :   60;
	3F60  :   36;
	3F61  :   49;
	3F62  :   A3;
	3F63  :   36;
	3F64  :   31;
	3F65  :   49;
	3F66  :   4A;
	3F67  :   3C;
	3F68  :   A3;
	3F69  :   89;
	3F6A  :   05;
	3F6B  :   A3;
	3F6C  :   6B;
	3F6D  :   16;
	3F6E  :   FB;
	3F6F  :   53;
	3F70  :   3B;
	3F71  :   40;
	[3F72..3F73]  :   FF;
	3F74  :   F7;
	3F75  :   2D;
	3F76  :   3B;
	3F77  :   94;
	3F78  :   15;
	3F79  :   FF;
	3F7A  :   45;
	3F7B  :   48;
	3F7C  :   30;
	3F7D  :   3E;
	3F7E  :   41;
	3F7F  :   5D;
	3F80  :   55;
	3F81  :   3C;
	3F82  :   1F;
	3F83  :   24;
	3F84  :   44;
	3F85  :   24;
	3F86  :   1F;
	3F87  :   7F;
	3F88  :   9C;
	3F89  :   E3;
	3F8A  :   6B;
	3F8B  :   F6;
	[3F8C..3F8D]  :   7F;
	3F8E  :   EE;
	3F8F  :   E2;
	3F90  :   9E;
	3F91  :   41;
	3F92  :   7F;
	3F93  :   48;
	3F94  :   FF;
	3F95  :   E8;
	3F96  :   40;
	3F97  :   D8;
	3F98  :   B6;
	3F99  :   45;
	3F9A  :   27;
	3F9B  :   F2;
	3F9C  :   AF;
	3F9D  :   7F;
	3F9E  :   DF;
	3F9F  :   B9;
	3FA0  :   7F;
	3FA1  :   02;
	3FA2  :   19;
	3FA3  :   FD;
	3FA4  :   7E;
	3FA5  :   40;
	3FA6  :   7F;
	3FA7  :   68;
	3FA8  :   E8;
	3FA9  :   F7;
	3FAA  :   FE;
	3FAB  :   6D;
	3FAC  :   7F;
	3FAD  :   30;
	3FAE  :   0C;
	3FAF  :   30;
	3FB0  :   7F;
	3FB1  :   2B;
	3FB2  :   5E;
	3FB3  :   7F;
	3FB4  :   EF;
	3FB5  :   88;
	3FB6  :   3E;
	3FB7  :   9C;
	3FB8  :   F8;
	3FB9  :   57;
	3FBA  :   9F;
	3FBB  :   E4;
	3FBC  :   42;
	3FBD  :   3D;
	3FBE  :   89;
	3FBF  :   A3;
	3FC0  :   4C;
	3FC1  :   4A;
	3FC2  :   31;
	3FC3  :   22;
	3FC4  :   51;
	3FC5  :   49;
	3FC6  :   22;
	3FC7  :   40;
	3FC8  :   EE;
	3FC9  :   A3;
	3FCA  :   FB;
	3FCB  :   7E;
	3FCC  :   A6;
	3FCD  :   92;
	3FCE  :   7E;
	3FCF  :   7C;
	3FD0  :   02;
	3FD1  :   01;
	3FD2  :   02;
	3FD3  :   7C;
	3FD4  :   AA;
	[3FD5..3FD6]  :   06;
	3FD7  :   8E;
	3FD8  :   63;
	3FD9  :   14;
	3FDA  :   7D;
	3FDB  :   5D;
	3FDC  :   63;
	3FDD  :   60;
	3FDE  :   10;
	3FDF  :   0F;
	3FE0  :   10;
	3FE1  :   60;
	3FE2  :   43;
	3FE3  :   AA;
	3FE4  :   5C;
	3FE5  :   61;
	3FE6  :   BC;
	3FE7  :   00;
	3FE8  :   87;
	3FE9  :   63;
	3FEA  :   D2;
	[3FEB..3FEC]  :   F3;
	3FED  :   33;
	3FEE  :   DC;
	3FEF  :   FB;
	3FF0  :   E7;
	3FF1  :   9E;
	3FF2  :   06;
	3FF3  :   2D;
	3FF4  :   21;
	3FF5  :   F6;
	3FF6  :   5D;
	3FF7  :   D5;
	3FF8  :   55;
	3FF9  :   60;
	3FFA  :   37;
	3FFB  :   32;
	3FFC  :   6B;
	3FFD  :   61;
	[3FFE..3FFF]  :   00;
END;
